Facility Name,State,Hospital overall rating,avg_excess_ratio,total_discharges,cluster
SOUTHEAST HEALTH MEDICAL CENTER,AL,4,0.9765599999999999,1692,0
MARSHALL MEDICAL CENTERS,AL,3,0.9373999999999999,588,0
NORTH ALABAMA MEDICAL CENTER,AL,2,0.986475,1599,2
MIZELL MEMORIAL HOSPITAL,AL,1,1.04825,123,2
ST. VINCENT'S EAST,AL,3,1.02746,787,2
DEKALB REGIONAL MEDICAL CENTER,AL,2,1.0523,240,2
SHELBY BAPTIST MEDICAL CENTER,AL,2,1.01725,428,2
HELEN KELLER HOSPITAL,AL,2,0.9814999999999999,659,0
BAPTIST MEDICAL CENTER SOUTH,AL,2,1.039975,701,0
JACKSON HOSPITAL & CLINIC INC,AL,2,1.001475,809,2
THE EAST ALABAMA HEALTHCARE AUTHORITY,AL,3,0.985375,956,0
UNIVERSITY OF ALABAMA HOSPITAL,AL,2,1.10594,1803,0
CULLMAN REGIONAL MEDICAL CENTER,AL,2,1.0102,930,0
ANDALUSIA HEALTH,AL,2,0.9944,271,2
HUNTSVILLE HOSPITAL,AL,3,0.9297000000000001,3786,3
GADSDEN REGIONAL MEDICAL CENTER,AL,2,1.035425,613,2
RIVERVIEW REGIONAL MEDICAL CENTER,AL,3,1.0956333333333335,696,2
MEDICAL CENTER ENTERPRISE,AL,4,0.9904000000000001,309,1
FLOWERS HOSPITAL,AL,2,1.0901833333333333,1297,2
ST VINCENT'S BIRMINGHAM,AL,3,1.057425,950,2
HIGHLANDS MEDICAL CENTER,AL,3,0.9641,124,0
RUSSELL MEDICAL CENTER,AL,3,0.9711,71,1
NORTHEAST ALABAMA REGIONAL MEDICAL CENTER,AL,1,1.08584,1204,0
ATHENS LIMESTONE HOSPITAL,AL,2,1.0235333333333334,412,0
BALDWIN HEALTH,AL,4,0.9894749999999999,742,1
DECATUR MORGAN HOSPITAL - DECATUR CAMPUS,AL,3,0.9582,916,0
USA HEALTH UNIVERSITY HOSPITAL,AL,2,1.0179,55,0
WALKER BAPTIST MEDICAL CENTER,AL,3,1.0047,403,2
"USA HEALTH HCA PROVIDENCE HOSPITAL, LLC",AL,3,1.0841666666666667,615,2
DCH REGIONAL MEDICAL CENTER,AL,2,1.080475,1601,0
THOMAS HOSPITAL,AL,2,1.03794,1118,2
CITIZENS BAPTIST MEDICAL CENTER,AL,1,1.1161,50,2
PRINCETON BAPTIST MEDICAL CENTER,AL,3,0.9829,467,1
GRANDVIEW MEDICAL CENTER,AL,3,1.01545,1802,2
PRATTVILLE BAPTIST HOSPITAL,AL,3,1.0055333333333334,404,0
WHITFIELD REGIONAL HOSPITAL,AL,2,1.0366,51,0
MOBILE INFIRMARY MEDICAL CENTER,AL,2,1.0374750000000001,1056,2
"MEDICAL WEST, AN AFFILIATE OF UAB HEALTH SYSTEM",AL,3,0.98275,261,0
VAUGHAN REGIONAL MEDICAL CENTER PARKWAY CAMPUS,AL,2,1.0838,95,2
LAKELAND COMMUNITY HOSPITAL,AL,3,0.97495,284,1
ST VINCENT'S ST CLAIR,AL,3,1.0476999999999999,174,2
CRESTWOOD MEDICAL CENTER,AL,3,1.074875,850,2
BAPTIST HEALTH BROOKWOOD HOSPITAL,AL,3,0.96385,310,1
SPRINGHILL MEDICAL CENTER,AL,3,1.0252999999999999,517,2
EVERGREEN MEDICAL CENTER,AL,3,1.0231,80,2
BAPTIST MEDICAL CENTER EAST,AL,4,1.0452000000000001,592,0
RUSSELLVILLE HOSPITAL,AL,4,1.0278,92,1
COOSA VALLEY MEDICAL CENTER,AL,3,1.0737,180,0
PROVIDENCE ALASKA MEDICAL CENTER,AK,3,0.92506,1480,1
MAT-SU REGIONAL MEDICAL CENTER,AK,3,0.9595,848,1
BARTLETT REGIONAL HOSPITAL,AK,4,1.02285,119,0
FAIRBANKS MEMORIAL HOSPITAL,AK,2,0.93755,298,1
ALASKA REGIONAL HOSPITAL,AK,1,1.08738,1155,2
CENTRAL PENINSULA GENERAL HOSPITAL,AK,2,1.1150333333333333,470,2
ALASKA NATIVE MEDICAL CENTER,AK,2,1.00865,303,0
BANNER - UNIVERSITY MEDICAL CENTER PHOENIX,AZ,3,1.04705,529,2
TUCSON MEDICAL CENTER,AZ,2,1.1076799999999998,1915,2
VERDE VALLEY MEDICAL CENTER,AZ,4,0.9381666666666666,492,1
ST. MARY'S HOSPITAL,AZ,2,1.0052333333333332,548,2
ST JOSEPH'S HOSPITAL,AZ,3,0.9993666666666666,486,1
YAVAPAI REGIONAL MEDICAL CENTER,AZ,2,0.993,1918,2
YUMA REGIONAL MEDICAL CENTER,AZ,2,0.994875,1546,2
HONOR HEALTH JOHN C. LINCOLN MEDICAL CENTER,AZ,3,0.9894666666666666,661,1
BANNER CASA GRANDE MEDICAL CENTER,AZ,2,1.07085,526,2
VALLEYWISE HEALTH MEDICAL CENTER,AZ,1,1.0638,38,0
FLAGSTAFF MEDICAL CENTER,AZ,4,0.9934333333333333,724,1
ST JOSEPHS HOSPITAL AND MEDICAL CENTER,AZ,4,0.99425,722,1
ABRAZO CENTRAL CAMPUS,AZ,2,1.0229,74,2
CHANDLER REGIONAL MEDICAL CENTER,AZ,4,0.9792400000000001,2133,3
HONORHEALTH SCOTTSDALE OSBORN MEDICAL CENTER,AZ,3,1.02325,1067,2
CANYON VISTA MEDICAL CENTER,AZ,2,1.03505,661,2
KINGMAN REGIONAL MEDICAL CENTER,AZ,3,1.0105499999999998,626,0
BANNER BOSWELL MEDICAL CENTER,AZ,3,1.04038,2315,3
SUMMIT HEALTHCARE REGIONAL MEDICAL CENTER,AZ,4,0.9783,419,1
BANNER - UNIVERSITY MEDICAL CENTER TUCSON CAMPUS,AZ,3,0.9560333333333334,656,1
BANNER DESERT MEDICAL CENTER,AZ,2,1.035675,1289,2
HAVASU REGIONAL MEDICAL CENTER,AZ,3,1.0121600000000002,868,2
ABRAZO SCOTTSDALE CAMPUS,AZ,3,0.9525,226,1
NORTHWEST MEDICAL CENTER,AZ,2,0.98554,1294,2
HONORHEALTH SCOTTSDALE SHEA MEDICAL CENTER,AZ,3,1.0719400000000001,1987,2
BANNER BAYWOOD MEDICAL CENTER,AZ,2,0.9384666666666667,1334,1
BANNER THUNDERBIRD MEDICAL CENTER,AZ,4,0.9907,1239,0
HONORHEALTH DEER VALLEY MEDICAL CENTER,AZ,3,1.0164,981,2
BANNER DEL E. WEBB MEDICAL CENTER,AZ,3,1.0208,2294,3
ABRAZO ARROWHEAD HOSPITAL,AZ,2,1.0113400000000001,1294,2
WESTERN ARIZONA REGIONAL MEDICAL CENTER,AZ,2,0.991625,623,2
MAYO CLINIC HOSPITAL,AZ,5,1.0025333333333333,2717,3
BANNER HEART HOSPITAL,AZ,2,0.9959666666666668,1042,2
ABRAZO WEST CAMPUS,AZ,2,1.0006666666666666,659,2
BANNER-UNIVERSITY MEDICAL CENTER SOUTH CAMPUS,AZ,4,0.9808,204,1
ORO VALLEY HOSPITAL,AZ,3,0.9766,664,1
BANNER ESTRELLA MEDICAL CENTER,AZ,3,1.0184333333333333,679,2
MERCY GILBERT MEDICAL CENTER,AZ,5,1.02835,1259,1
HONORHEALTH FOUR PEAKS MEDICAL CENTER,AZ,2,0.9590000000000001,322,2
BANNER GATEWAY MEDICAL CENTER,AZ,3,0.98255,486,1
HONORHEALTH SCOTTSDALE THOMPSON PEAK MED CTR,AZ,5,1.0547499999999999,1156,1
BANNER IRONWOOD MEDICAL CENTER,AZ,3,1.0162,375,2
BANNER GOLDFIELD MEDICAL CENTER,AZ,5,0.976,100,1
DIGNITY HEALTH ARIZONA GENERAL HOSPITAL,AZ,5,0.9484,139,1
HONORHEALTH SONORAN CROSSING MEDICAL CENTER,AZ,4,1.08785,252,2
BANNER OCOTILLO MEDICAL CENTER,AZ,3,1.0914,310,2
NORTHWEST MEDICAL CENTER SAHUARITA,AZ,3,1.0140500000000001,416,2
SILOAM SPRINGS REGIONAL HOSPITAL,AR,3,1.0123,78,2
JOHNSON REGIONAL MEDICAL CENTER,AR,4,1.0783,103,2
WASHINGTON REGIONAL MEDICAL CENTER,AR,4,0.8877599999999999,1586,1
CHI-ST VINCENT INFIRMARY,AR,3,0.955825,1223,1
MERCY HOSPITAL NORTHWEST ARKANSAS,AR,5,0.98115,1210,1
CHAMBERS MEMORIAL HOSPITAL,AR,4,0.9807999999999999,228,1
WHITE COUNTY MEDICAL CENTER,AR,2,1.048275,1244,2
University of Arkansas Medical Sciences,AR,2,0.997425,694,0
NORTH ARKANSAS REGIONAL MEDICAL CENTER,AR,2,1.0204,217,2
ST BERNARDS MEDICAL CENTER,AR,1,1.07704,1591,2
NORTHWEST MEDICAL CENTER-SPRINGDALE,AR,3,0.946,900,1
CHI ST. VINCENT HOSPITAL HOT SPRINGS,AR,3,1.0429249999999999,1531,2
BAXTER HEALTH,AR,2,1.0998333333333334,1613,2
"CONWAY REGIONAL MEDICAL CENTER, INC",AR,2,1.0053,962,2
BAPTIST HEALTH MEDICAL CENTER NORTH LITTLE ROCK,AR,1,1.0093750000000001,1703,2
ARKANSAS METHODIST MEDICAL CENTER,AR,2,0.98505,233,2
ST MARYS REGIONAL MEDICAL CENTER,AR,4,0.9109,399,1
OUACHITA COUNTY MEDICAL CENTER,AR,2,1.045,78,2
BAPTIST HEALTH MEDICAL CENTER-DREW COUNTY,AR,2,1.0428333333333333,460,2
BAPTIST HEALTH - FORT SMITH,AR,2,1.0306250000000001,1742,2
MERCY HOSPITAL FORT SMITH,AR,3,1.0188000000000001,1612,2
GREAT RIVER MEDICAL CENTER,AR,2,1.0847,64,0
JEFFERSON REGIONAL MEDICAL CENTER,AR,1,0.9987,812,2
NATIONAL PARK MEDICAL CENTER,AR,2,1.012725,629,2
SALINE MEMORIAL HOSPITAL,AR,3,1.0181,317,2
SOUTH ARKANSAS REGIONAL HOSPITAL LLC,AR,3,0.93835,320,1
BAPTIST HEALTH MEDICAL CENTER-LITTLE ROCK,AR,3,1.0088249999999999,2048,3
"BAPTIST MEMORIAL HOSPITAL JONESBORO, INC.",AR,3,1.04905,1660,2
WHITE RIVER MEDICAL CENTER,AR,3,0.9898250000000001,1003,1
"ARKANSAS HEART HOSPITAL, LLC",AR,3,1.04245,1618,2
ST VINCENT MEDICAL CENTER/NORTH,AR,4,1.0116,78,1
BAPTIST HEALTH MEDICAL CENTER- CONWAY,AR,2,1.022025,675,2
ARKANSAS HEART HOSPITAL-ENCORE,AR,2,1.0683,276,2
ST ROSE HOSPITAL,CA,1,1.0940750000000001,408,2
PROVIDENCE ST JOSEPH HOSPITAL,CA,4,0.88975,1131,1
PENINSULA MEDICAL CENTER,CA,5,0.990475,1097,1
CALIFORNIA PACIFIC MEDICAL CTR-DAVIES CAMPUS HOSP,CA,3,1.0191,74,2
PROVIDENCE QUEEN OF THE VALLEY MEDICAL CENTER,CA,4,0.958325,838,1
ADVENTIST HEALTH ST HELENA,CA,4,0.9989,405,1
SUTTER AMADOR HOSPITAL,CA,4,0.9517,326,1
MERCY GENERAL HOSPITAL,CA,3,1.0228,1240,2
RIVERSIDE COMMUNITY HOSPITAL,CA,2,1.062425,981,2
PARADISE VALLEY HOSPITAL,CA,3,1.0662500000000001,193,2
UC SAN DIEGO HEALTH HILLCREST - HILLCREST MED CTR,CA,5,0.97754,1691,1
GROSSMONT HOSPITAL,CA,4,1.034275,1657,0
OROVILLE HOSPITAL,CA,1,1.2825,1268,2
BAKERSFIELD MEMORIAL HOSPITAL,CA,3,1.0315750000000001,770,2
SANTA CLARA VALLEY MEDICAL CENTER,CA,2,1.009825,1593,0
ENLOE HEALTH,CA,3,1.02424,4020,3
LAC/OLIVE VIEW-UCLA MEDICAL CENTER,CA,2,0.98465,193,2
ST ELIZABETH COMMUNITY HOSPITAL,CA,4,0.9818666666666666,357,1
ALTA BATES SUMMIT MEDICAL CENTER,CA,5,0.9364,1295,1
EL CENTRO REGIONAL MEDICAL CENTER,CA,1,0.9975,483,0
CALIFORNIA PACIFIC MEDICAL CENTER- VAN NESS CAMPUS,CA,3,1.0610249999999999,901,2
CALIFORNIA PACIFIC MEDICAL CENTER - MISSION BERNAL,CA,4,1.0293333333333334,389,1
ANTELOPE VALLEY HOSPITAL,CA,1,1.0208000000000002,499,0
KAWEAH HEALTH MEDICAL CENTER,CA,3,0.9881800000000001,2020,0
GLENDALE MEM HOSPITAL & HLTH CENTER,CA,4,1.035225,1056,1
COMMUNITY REGIONAL MEDICAL CENTER,CA,1,1.07098,1550,2
HOLLYWOOD PRESBYTERIAN MEDICAL CENTER,CA,3,1.03895,676,2
PROVIDENCE ST. JOSEPH HOSPITAL,CA,4,0.98395,1088,1
KAISER FOUNDATION HOSPITAL - OAKLAND/RICHMOND,CA,2,1.0692333333333333,308,2
SCRIPPS MERCY HOSPITAL,CA,4,1.0484,942,1
PROVIDENCE LITTLE CO OF MARY MED CTR SAN PEDRO,CA,4,0.9662,218,1
ST JOHNS REGIONAL MEDICAL CENTER,CA,4,0.95065,1689,1
ST JOSEPH'S MEDICAL CENTER OF STOCKTON,CA,3,1.03036,1286,2
COMMUNITY HOSPITAL OF SAN BERNARDINO,CA,3,1.0333,41,2
COMMUNITY HOSPITAL OF HUNTINGTON PARK,CA,1,1.09275,160,2
SAINT AGNES MEDICAL CENTER,CA,2,1.09696,2585,2
SAN ANTONIO REGIONAL HOSPITAL,CA,3,0.97865,1049,1
SHARP MEMORIAL HOSPITAL,CA,4,0.991225,1277,1
SUTTER SOLANO MEDICAL CENTER,CA,3,0.9939,343,1
PARKVIEW COMMUNITY HOSPITAL MEDICAL CENTER,CA,3,1.02485,257,2
ADVENTIST HEALTH WHITE MEMORIAL,CA,3,1.0441666666666667,412,2
SAINT FRANCIS MEDICAL CENTER,CA,3,1.0404333333333333,420,2
MARIAN REGIONAL MEDICAL CENTER,CA,3,0.99695,1846,3
"SUTTER MEDICAL CENTER, SACRAMENTO",CA,4,1.0008,1990,3
LOMPOC VALLEY MEDICAL CENTER,CA,1,1.0621,203,0
SANTA MONICA - UCLA MED CTR & ORTHOPAEDIC HOSPITAL,CA,5,1.03598,1502,1
PALOMAR HEALTH DOWNTOWN CAMPUS,CA,3,0.98465,1158,0
NORTHRIDGE HOSPITAL MEDICAL CENTER,CA,4,1.0379749999999999,1144,1
DOCTORS HOSPITAL OF MANTECA,CA,2,1.06425,286,2
ADVENTIST HEALTH HANFORD,CA,3,0.9773999999999999,764,1
DAMERON HOSPITAL,CA,2,0.9915666666666668,302,2
USC VERDUGO HILLS HOSPITAL,CA,4,1.0528,588,1
REGIONAL MEDICAL CENTER OF SAN JOSE,CA,3,1.151775,1059,0
VALLEY PRESBYTERIAN HOSPITAL,CA,1,1.08695,723,2
WOODLAND MEMORIAL HOSPITAL,CA,5,1.0423,106,1
TRI-CITY MEDICAL CENTER,CA,1,1.0107,643,0
ST BERNARDINE MEDICAL CENTER,CA,2,1.049125,500,2
NOVATO COMMUNITY HOSPITAL,CA,5,0.9574499999999999,238,1
SAN GABRIEL VALLEY MEDICAL CENTER,CA,4,1.06505,647,2
ADVENTIST HEALTH AND RIDEOUT,CA,2,1.062325,1812,0
SOUTHERN CALIFORNIA HOSPITAL AT HOLLYWOOD,CA,3,1.008725,1345,2
PETALUMA VALLEY HOSPITAL,CA,4,0.99695,248,1
COMMUNITY HOSPITAL OF THE MONTEREY PENINSULA,CA,4,1.0032400000000001,2185,3
CALIFORNIA HOSPITAL MEDICAL CENTER LA,CA,2,1.0323,150,2
SIERRA NEVADA MEMORIAL HOSPITAL,CA,3,0.9905333333333334,644,1
UCSF HEALTH SAINT FRANCIS HOSPITAL,CA,3,1.0478666666666667,182,2
ENCINO HOSPITAL MEDICAL CENTER,CA,3,1.034,288,2
VENTURA COUNTY MEDICAL CENTER,CA,2,1.03085,253,0
SAN JOAQUIN GENERAL HOSPITAL,CA,2,1.0446,104,0
PROVIDENCE ST. JUDE MEDICAL CENTER,CA,4,1.0089,1429,1
PIH HEALTH HOSPITAL-WHITTIER,CA,4,1.035525,908,1
PROVIDENCE SANTA ROSA MEMORIAL HOSPITAL,CA,3,0.9854499999999999,1358,1
EMANUEL MEDICAL CENTER,CA,2,1.044975,1259,2
JOHN MUIR MEDICAL CENTER - WALNUT CREEK CAMPUS,CA,2,0.916575,2265,3
ST MARY MEDICAL CENTER,CA,5,0.9809749999999999,355,1
WATSONVILLE COMMUNITY HOSPITAL,CA,2,1.04105,345,2
WASHINGTON HOSPITAL,CA,2,1.077,1444,0
SEQUOIA HOSPITAL,CA,5,0.9658500000000001,471,1
PALMDALE REGIONAL MEDICAL CENTER,CA,3,1.0266333333333335,404,2
ALAMEDA HOSPITAL,CA,4,1.02135,295,0
SHARP CHULA VISTA MEDICAL CENTER,CA,4,1.02698,1139,1
HOAG MEMORIAL HOSPITAL PRESBYTERIAN,CA,5,0.938375,2624,3
AHMC ANAHEIM REGIONAL MEDICAL CENTER,CA,4,1.0292666666666666,484,1
ZUCKERBERG SAN FRANCISCO GENERAL HOSP & TRAUMA CTR,CA,2,1.0865500000000001,609,0
GARDEN GROVE HOSPITAL & MEDICAL CENTER,CA,2,1.07495,393,2
POMONA VALLEY HOSPITAL MEDICAL CENTER,CA,3,0.9543333333333334,694,1
FRENCH HOSPITAL MEDICAL CENTER,CA,5,0.9937999999999999,935,1
SHARP CORONADO HOSPITAL AND HLTHCR CTR,CA,4,0.9117,144,1
PROVIDENCE SAINT JOSEPH MEDICAL CTR,CA,3,1.0905749999999999,1879,2
ADVENTIST HEALTH SIMI VALLEY,CA,2,1.0523,1012,2
USC ARCADIA HOSPITAL,CA,3,0.989625,1284,1
GLENDALE ADVENTIST MEDICAL CENTER,CA,4,1.07645,2771,3
DOMINICAN HOSPITAL,CA,4,0.997375,1373,1
DESERT REGIONAL MEDICAL CENTER,CA,2,1.033375,663,2
ARROWHEAD REGIONAL MEDICAL CENTER,CA,2,0.98175,212,0
NATIVIDAD MEDICAL CENTER,CA,3,1.0037,210,0
MARSHALL MEDICAL CENTER,CA,4,0.9497,763,1
SIERRA VIEW MEDICAL CENTER,CA,3,1.0413666666666668,526,2
RONALD REAGAN UCLA MEDICAL CENTER,CA,4,0.956875,1071,0
REDLANDS COMMUNITY HOSPITAL,CA,2,0.9741,304,2
CONTRA COSTA REGIONAL MEDICAL CENTER,CA,4,1.0291,107,0
PROVIDENCE HOLY CROSS MEDICAL CENTER,CA,4,1.0742500000000001,834,2
HI-DESERT MEDICAL CENTER,CA,2,1.0114,92,0
MERCY MEDICAL CENTER REDDING,CA,2,1.01906,1726,2
ALHAMBRA HOSPITAL MEDICAL CENTER,CA,4,1.0312000000000001,291,1
STANFORD HEALTH CARE TRI-VALLEY,CA,5,0.9590000000000001,912,1
AHMC SETON MEDICAL CENTER,CA,1,1.0222333333333333,349,2
SAINT JOHN'S HEALTH CENTER,CA,4,0.91546,3034,3
SUTTER SANTA ROSA REGIONAL HOSPITAL,CA,5,0.9776,1122,1
RIVERSIDE UNIVERSITY HEALTH SYSTEM-MEDICAL CENTER,CA,3,1.038,353,0
MERCY HOSPITAL,CA,3,0.9929,561,1
BARSTOW COMMUNITY HOSPITAL,CA,1,1.007,62,2
PROVIDENCE ST MARY MEDICAL CENTER,CA,2,1.0227333333333333,702,2
ADVENTIST HEALTH UKIAH VALLEY,CA,4,0.9863999999999999,398,1
ALTA BATES SUMMIT MEDICAL CENTER - ALTA BATES CAMP,CA,4,0.9227,352,1
EL CAMINO HEALTH,CA,4,1.0376,2111,0
SUTTER ROSEVILLE MEDICAL CENTER,CA,5,0.95555,2412,3
SUTTER TRACY COMMUNITY HOSPITAL,CA,4,0.8912500000000001,259,1
HIGHLAND HOSPITAL,CA,1,1.021,612,0
SCRIPPS MEMORIAL HOSPITAL LA JOLLA,CA,5,0.9945666666666666,2469,3
LOMA LINDA UNIVERSITY MEDICAL CENTER,CA,4,0.972775,888,1
CORONA REGIONAL MEDICAL CENTER,CA,3,1.05985,351,2
SALINAS VALLEY MEMORIAL HOSPITAL,CA,4,1.03195,1570,1
ADVENTIST HEALTH SONORA,CA,3,0.9643666666666667,785,1
ADVENTIST HEALTH LODI MEMORIAL,CA,3,1.0496666666666667,1050,2
PIONEERS MEMORIAL HEALTHCARE DISTRICT,CA,3,0.9822,265,0
UCI HEALTH-ORANGE,CA,4,1.0209,728,0
ADVENTIST HEALTH WHITE MEMORIAL MONTEBELLO,CA,3,1.0204,208,2
TORRANCE MEMORIAL MEDICAL CENTER,CA,5,0.9864,2544,3
PROVIDENCE LITTLE COMPANY OF MARY MED CTR TORRANCE,CA,5,0.992775,958,1
GOLETA VALLEY COTTAGE HOSPITAL,CA,5,0.9882,359,1
MARINHEALTH MEDICAL CENTER,CA,5,0.95025,1272,0
NORTHBAY MEDICAL CENTER,CA,2,1.0187000000000002,1392,2
LOS ANGELES GENERAL MEDICAL CENTER,CA,2,1.0251000000000001,421,0
LAC/HARBOR-UCLA MED CENTER,CA,1,1.0259,220,0
GOOD SAMARITAN HOSPITAL,CA,2,1.087075,1705,2
EMANATE HEALTH INTER-COMMUNITY HOSPITAL,CA,1,1.054875,1115,2
HEMET GLOBAL MEDICAL CENTER,CA,1,1.02055,283,2
PIH HEALTH DOWNEY HOSPITAL,CA,4,1.04285,381,1
COMMUNITY MEMORIAL HOSPITAL - VENTURA,CA,4,0.987725,891,1
SANTA BARBARA COTTAGE HOSPITAL,CA,4,0.982,1945,3
CHINESE HOSPITAL,CA,2,1.0792,95,2
MERCY HOSPITAL OF FOLSOM,CA,4,1.0222666666666667,775,1
SUTTER COAST HOSPITAL,CA,2,0.9781,280,0
SCRIPPS GREEN HOSPITAL,CA,5,0.84365,1224,1
WEST ANAHEIM MEDICAL CENTER,CA,2,1.066975,707,2
STANFORD HEALTH CARE,CA,5,0.9195166666666666,2854,3
MERCY MEDICAL CENTER,CA,3,1.044,1339,2
UCSF MEDICAL CENTER,CA,4,0.9812799999999999,1808,1
ADVENTIST HEALTH BAKERSFIELD,CA,2,1.0327000000000002,954,2
UCSF HEALTH ST. MARY'S HOSPITAL,CA,4,1.0168,423,1
DOCTORS MEDICAL CENTER,CA,1,1.09078,1368,2
MEMORIAL HOSPITAL OF GARDENA,CA,1,1.0816666666666668,367,2
PIH HEALTH GOOD SAMARITAN HOSPITAL,CA,2,1.10555,706,2
UCLA WEST VALLEY MEDICAL CENTER,CA,2,1.13195,1064,2
MEMORIALCARE LONG BEACH MEDICAL CENTER,CA,2,0.987275,678,2
EDEN MEDICAL CENTER,CA,4,0.9737333333333332,632,1
CLOVIS COMMUNITY MEDICAL CENTER,CA,2,1.019075,1457,2
JOHN MUIR MEDICAL CENTER - CONCORD CAMPUS,CA,4,1.0218,2018,3
SUTTER AUBURN FAITH HOSPITAL,CA,5,0.9882,350,1
SCRIPPS MEMORIAL HOSPITAL - ENCINITAS,CA,4,1.0058399999999998,1476,1
ADVENTIST HEALTH SIERRA VISTA,CA,3,1.00745,229,2
MERCY SAN JUAN MEDICAL CENTER,CA,3,1.032125,1328,2
VICTOR VALLEY GLOBAL MEDICAL CENTER,CA,1,1.0945,103,2
SUTTER DELTA MEDICAL CENTER,CA,3,1.0135,767,2
HUNTINGTON BEACH HOSPITAL,CA,1,1.0649000000000002,242,2
MEMORIAL HOSPITAL LOS BANOS,CA,3,1.01585,135,2
JOHN F KENNEDY MEMORIAL HOSPITAL,CA,2,1.08035,258,2
SUTTER DAVIS HOSPITAL,CA,4,0.9422,160,1
LOS ROBLES HOSPITAL & MEDICAL CENTER,CA,4,1.0270166666666667,2682,3
UCI HEALTH - LOS ALAMITOS,CA,1,1.0061,763,2
MEMORIAL MEDICAL CENTER,CA,3,1.0248,1795,3
PROVIDENCE MISSION HOSPITAL,CA,5,1.01075,1552,1
UCI HEALTH - FOUNTAIN VALLEY,CA,2,1.02355,890,2
EISENHOWER MEDICAL CENTER,CA,4,0.9397833333333333,3442,3
LA PALMA INTERCOMMUNITY HOSPITAL,CA,3,1.0500500000000001,216,2
UCI HEALTH-LAKEWOOD,CA,2,1.0375,526,2
CHINO VALLEY MEDICAL CENTER,CA,4,1.0133,216,1
SAN DIMAS COMMUNITY HOSPITAL,CA,2,1.1287500000000001,227,2
METHODIST HOSPITAL OF SACRAMENTO,CA,3,1.0320333333333334,560,2
EMANATE HEALTH FOOTHILL PRESBYTERIAN HOSPITAL,CA,3,0.9779499999999999,368,1
UNIVERSITY OF CALIFORNIA DAVIS MEDICAL CENTER,CA,4,1.014825,1500,0
MEMORIALCARE SADDLEBACK MEDICAL CENTER,CA,4,0.96685,920,1
ADVENTIST HEALTH DELANO,CA,2,1.0492,83,2
HENRY MAYO NEWHALL  HOSPITAL,CA,2,1.032425,961,2
CEDARS-SINAI MEDICAL CENTER,CA,5,0.9243833333333334,5304,3
ADVENTIST HEALTH TWIN CITIES,CA,2,1.0438,511,2
PALOMAR MEDICAL CENTER POWAY,CA,4,0.962,458,0
LOS ANGELES COMMUNITY HOSPITAL,CA,3,0.9619666666666667,646,1
KAISER FOUNDATION HOSP SO SACRAMENTO,CA,2,1.0283,53,2
MEMORIALCARE ORANGE COAST MEDICAL CENTER,CA,4,0.9974333333333334,779,1
SAN RAMON REGIONAL MEDICAL CENTER,CA,4,0.9902,509,1
KECK HOSPITAL OF USC,CA,5,1.0141,188,1
SOUTHWEST HEALTHCARE RANCHO SPRINGS HOSPITAL,CA,3,1.0081333333333333,462,2
MISSION COMMUNITY HOSPITAL,CA,3,1.0278,374,2
DESERT VALLEY HOSPITAL,CA,3,1.066575,635,2
WHITTIER HOSPITAL MEDICAL CENTER,CA,4,1.06315,269,2
MONTEREY PARK HOSPITAL,CA,2,1.0538,87,2
GARFIELD MEDICAL CENTER,CA,1,1.0371333333333335,587,2
GREATER EL MONTE COMMUNITY HOSPITAL,CA,2,1.0141,151,2
CENTINELA HOSPITAL MEDICAL CENTER,CA,2,1.14405,878,2
CEDAR-SINAI MARINA DEL REY HOSPITAL,CA,4,1.0193333333333332,479,1
CHAPMAN GLOBAL MEDICAL CENTER,CA,2,1.0631,58,2
ORANGE COUNTY GLOBAL MEDICAL CENTER,CA,2,0.9997499999999999,215,2
COASTAL COMMUNITIES HOSPITAL,CA,1,1.0354,56,2
SHERMAN OAKS HOSPITAL,CA,2,1.1022333333333334,619,2
MONTCLAIR HOSPITAL MEDICAL CENTER,CA,3,1.2016,124,2
KAISER FOUNDATION HOSPITAL - ANTIOCH,CA,1,1.1363,33,2
PROVIDENCE CEDARS SINAI TARZANA MEDICAL CENTER,CA,3,1.0358749999999999,1299,2
L A DOWNTOWN MEDICAL CENTER,CA,3,1.0368,254,2
SHASTA REGIONAL MEDICAL CENTER,CA,2,1.0875000000000001,1542,2
LOMA LINDA UNIVERSITY MEDICAL CENTER-MURRIETA,CA,2,1.034675,803,2
COAST PLAZA HOSPITAL,CA,1,1.01825,234,2
TEMECULA VALLEY HOSPITAL,CA,4,1.0040333333333333,816,1
COLLEGE MEDICAL CENTER,CA,3,0.9998,94,2
"MARTIN LUTHER KING, JR. COMMUNITY HOSPITAL",CA,4,1.0189,217,1
FOOTHILL REGIONAL MEDICAL CENTER,CA,3,0.975,179,1
COLUSA MEDICAL CENTER,CA,1,1.017,63,2
ADVENTIST HEALTH TULARE,CA,3,1.03075,170,2
BANNER NORTH COLORADO MEDICAL CENTER,CO,4,0.95845,367,1
LONGMONT UNITED HOSPITAL,CO,3,1.00575,180,1
LUTHERAN MEDICAL CENTER,CO,4,0.8929,455,1
POUDRE VALLEY HOSPITAL,CO,5,0.9076333333333334,860,1
DENVER HEALTH & HOSPITAL AUTHORITY,CO,3,1.0194,57,0
MERCY REGIONAL MEDICAL CENTER,CO,5,0.92325,388,1
HCA HEALTHONE PRESBYTERIAN ST LUKE'S,CO,2,1.0189499999999998,119,0
CENTURA HEALTH-ST ANTHONY HOSPITAL,CO,4,0.9779,804,1
"PARKVIEW MEDICAL CENTER, INC",CO,3,0.951225,959,1
UCH-MEMORIAL HEALTH SYSTEM,CO,4,0.909725,1812,0
INTERMOUNTAIN HEALTH ST. MARY'S REGIONAL HOSPITAL,CO,4,0.8886,782,1
UNIVERSITY OF COLORADO HOSPITAL AUTHORITY,CO,5,0.937675,1176,0
BOULDER COMMUNITY HEALTH,CO,4,0.9454666666666666,610,1
SAINT JOSEPH HOSPITAL,CO,5,0.98185,218,1
BANNER NORTH CO MEDICAL CENTER - LOVELAND CAMPUS,CO,3,0.9676,85,1
CENTURA HEALTH-PENROSE ST FRANCIS HEALTH SERVICES,CO,3,0.97774,1833,3
HCA HEALTHONE ROSE,CO,4,1.0511,334,1
HCA-HEALTHONE DBA SWEDISH MEDICAL CENTER,CO,4,0.99875,491,1
AdventHealth Porter,CO,4,0.97455,265,1
HCA HEALTHONE MOUNTAIN RIDGE,CO,3,1.0526,158,2
VALLEY VIEW HOSPITAL ASSOCIATION,CO,4,0.9735,89,1
THE MEDICAL CENTER OF AURORA & SOUTH HOSPITAL,CO,4,0.980375,765,1
CENTURA HEALTH-ST ANTHONY NORTH HEALTH CAMPUS,CO,5,0.9794,486,1
SKY RIDGE MEDICAL CENTER,CO,3,1.1268,591,2
AdventHealth Littleton,CO,4,1.02075,753,1
AdventHealth Parker,CO,5,0.95265,401,1
GOOD SAMARITAN MEDICAL CENTER LLC,CO,4,1.0011,190,1
MEDICAL CENTER OF THE ROCKIES,CO,5,0.9321999999999999,949,1
ADVENTHEALTH CASTLE ROCK,CO,5,1.00925,247,1
LONGS PEAK HOSPITAL,CO,5,0.9202999999999999,271,1
UCHEALTH GREELEY HOSPITAL,CO,4,0.9416,302,1
UCHEALTH HIGHLANDS RANCH HOSPITAL,CO,5,0.97785,434,1
ST FRANCIS HOSPITAL & MEDICAL CENTER,CT,2,0.98576,1717,2
DAY KIMBALL HOSPITAL,CT,2,1.0732333333333333,387,2
SHARON HOSPITAL,CT,5,0.99695,281,1
WATERBURY HOSPITAL,CT,2,0.9981249999999999,965,2
STAMFORD HOSPITAL,CT,5,0.971275,1341,1
LAWRENCE & MEMORIAL HOSPITAL,CT,3,0.961975,1219,1
JOHNSON MEMORIAL HOSPITAL,CT,3,1.0106,75,2
BRIDGEPORT HOSPITAL,CT,4,1.016775,1937,3
CHARLOTTE HUNGERFORD HOSPITAL,CT,3,1.0577333333333334,754,2
SAINT MARY'S HOSPITAL,CT,3,0.9541333333333334,717,1
MIDSTATE MEDICAL CENTER,CT,4,1.0857999999999999,1021,2
GREENWICH HOSPITAL ASSOCIATION -,CT,5,1.06105,1211,1
MIDDLESEX HOSPITAL,CT,3,1.032,1257,2
WINDHAM COMMUNITY MEMORIAL HOSPITAL,CT,3,1.0057333333333334,314,1
YALE-NEW HAVEN HOSPITAL,CT,5,0.97696,3750,3
WILLIAM W BACKUS HOSPITAL,CT,4,0.9849333333333333,1157,1
HARTFORD HOSPITAL,CT,4,1.0355666666666667,3382,3
MANCHESTER MEMORIAL HOSPITAL,CT,4,0.98145,479,1
ST VINCENT'S MEDICAL CENTER,CT,4,0.9974666666666666,904,1
BRISTOL HOSPITAL,CT,2,1.0593666666666668,438,2
GRIFFIN HOSPITAL,CT,4,0.9492499999999999,344,1
DANBURY HOSPITAL,CT,4,0.95414,2812,3
NORWALK HOSPITAL,CT,3,1.0401,1055,2
THE HOSPITAL OF CENTRAL CONNECTICUT,CT,2,1.0058,1030,2
JOHN DEMPSEY HOSPITAL OF THE UNIVERSITY OF CONNECT,CT,3,1.0049,802,0
CHRISTIANA HOSPITAL,DE,4,0.92182,6225,3
ST FRANCIS HOSPITAL,DE,3,0.9525,148,1
"BAYHEALTH MEDICAL CENTER, KENT CAMPUS",DE,2,1.040175,2048,2
"TIDALHEALTH NANTICOKE, INC.",DE,3,0.9427,864,1
BEEBE MEDICAL CENTER,DE,3,0.9838799999999999,2265,3
"BAYHEALTH HOSPITAL, SUSSEX CAMPUS",DE,3,0.9706333333333333,926,1
GEORGE WASHINGTON UNIV HOSPITAL,DC,2,0.975125,765,2
HOWARD UNIVERSITY HOSPITAL CORP,DC,1,1.0914333333333335,332,2
MEDSTAR GEORGETOWN UNIVERSITY HOSPITAL,DC,3,0.9512,389,1
SIBLEY MEMORIAL HOSPITAL,DC,5,0.94,795,1
UNITED MEDICAL CENTER,DC,3,0.9767,128,1
MEDSTAR WASHINGTON HOSPITAL CENTER,DC,3,0.9713799999999999,2883,3
SHANDS JACKSONVILLE,FL,4,0.996525,1013,1
BETHESDA HOSPITAL EAST,FL,2,1.0271000000000001,2016,2
ORLANDO HEALTH,FL,4,1.0073666666666667,4368,3
ADVENTHEALTH ORLANDO,FL,3,1.1425833333333333,9480,3
BAPTIST HOSPITAL OF MIAMI,FL,5,1.0290249999999999,1650,1
LEE MEMORIAL HOSPITAL,FL,5,0.9549333333333333,4063,3
ADVENTHEALTH NEW SMYRNA BEACH,FL,4,0.9796250000000001,729,1
HALIFAX HEALTH MEDICAL CENTER,FL,2,1.05876,1112,0
NAPLES COMMUNITY HOSPITAL,FL,3,1.0237666666666667,5275,3
HOLMES REGIONAL MEDICAL CENTER,FL,4,0.88186,2098,3
JACKSON HEALTH SYSTEM,FL,1,1.01545,1185,0
HCA FLORIDA CITRUS HOSPITAL,FL,2,0.9853,1581,0
SACRED HEART HOSPITAL,FL,4,1.03775,1420,1
ASCENSION SACRED HEART BAY,FL,3,0.993625,886,1
PARRISH MEDICAL CENTER,FL,2,1.0016,441,0
NORTH SHORE MEDICAL CENTER,FL,1,1.038675,460,2
ORLANDO HEALTH-HEALTH CENTRAL HOSPITAL,FL,3,1.006525,848,0
ORLANDO HEALTH BAYFRONT HOSPITAL,FL,2,1.0242,404,2
"MOUNT SINAI MEDICAL CENTER OF FLORIDA, INC",FL,3,0.9884,1097,1
MANATEE MEMORIAL HOSPITAL,FL,3,1.02012,1217,2
MEMORIAL REGIONAL HOSPITAL,FL,3,1.06294,1127,0
BROWARD HEALTH MEDICAL CENTER,FL,3,1.0203,684,0
ASCENSION ST VINCENT'S RIVERSIDE,FL,3,1.0383,1481,2
MEASE DUNEDIN HOSPITAL,FL,4,1.0221,401,1
CLEVELAND CLINIC MARTIN NORTH HOSPITAL,FL,3,1.06558,4171,3
ADVENTHEALTH DELAND,FL,4,1.021575,837,1
Adventhealth Zephyrhills,FL,4,0.9869,933,1
HCA FLORIDA HIGHLANDS HOSPITAL,FL,3,1.0439,459,2
LARKIN COMMUNITY HOSPITAL PALM SPRINGS CAMPUS,FL,4,0.98125,233,1
ORLANDO HEALTH SOUTH LAKE HOSPITAL,FL,3,1.08182,1600,0
WINTER HAVEN HOSPITAL,FL,3,1.0547799999999998,1459,2
HIALEAH HOSPITAL,FL,3,1.08505,229,2
HCA FLORIDA TWIN CITIES HOSPITAL,FL,5,1.0793333333333333,361,1
ADVENTHEALTH NORTH PINELLAS,FL,4,1.0487,600,1
ADVENTHEALTH WATERMAN,FL,4,1.0377399999999999,2290,3
ADVENTHEALTH OCALA,FL,4,1.02522,1948,0
MORTON PLANT NORTH BAY HOSPITAL,FL,3,1.0309249999999999,817,2
ST ANTHONYS HOSPITAL,FL,3,1.012425,1604,2
ADVENTHEALTH DAYTONA BEACH,FL,5,0.9427,2201,3
AdventHealth Carrollwood,FL,3,0.9994333333333333,331,1
TAMPA GENERAL HOSPITAL BROOKSVILLE,FL,1,1.0515750000000001,719,2
ADVENTHEALTH FISH MEMORIAL,FL,5,1.022575,1113,1
HOLY CROSS HOSPITAL,FL,4,0.9988250000000001,1601,1
ST JOSEPHS HOSPITAL,FL,4,1.0249000000000001,3434,3
Adventhealth Port Charlotte,FL,1,1.0937999999999999,1240,2
HCA FLORIDA JFK HOSPITAL,FL,2,1.0765166666666668,2273,2
UF HEALTH LEESBURG HOSPITAL,FL,3,0.9703200000000001,2196,3
BROWARD HEALTH NORTH,FL,3,1.111,543,0
SARASOTA MEMORIAL HOSPITAL,FL,5,0.9344333333333333,6638,3
BAPTIST HEALTH MEDICAL CENTER - JACKSONVILLE,FL,4,1.0438333333333334,4570,3
FLAGLER HOSPITAL,FL,3,1.02065,1589,2
BAPTIST HOSPITAL,FL,4,1.0035833333333335,1892,3
ADVENTHEALTH LAKE WALES,FL,2,1.07225,198,2
CLEVELAND CLINIC INDIAN RIVER HOSPITAL,FL,4,0.951475,2328,3
HCA FLORIDA LEHIGH HOSPITAL,FL,2,1.0747,112,2
ADVENTHEALTH SEBRING,FL,3,0.9872500000000001,1825,3
HCA FLORIDA OSCEOLA HOSPITAL,FL,2,1.0937666666666666,513,2
UF HEALTH SHANDS HOSPITAL,FL,5,0.9874,2290,3
BAPTIST MEDICAL CENTER  BEACHES,FL,4,0.9744333333333334,957,1
AdventHealth Palm Coast,FL,5,1.023925,1198,1
BARTOW REGIONAL MEDICAL CENTER,FL,3,1.00275,200,2
NORTH OKALOOSA MEDICAL CENTER,FL,3,1.001425,826,1
SANTA ROSA MEDICAL CENTER,FL,4,1.0140333333333333,470,1
HOMESTEAD HOSPITAL,FL,4,0.98205,231,1
HCA FLORIDA PASADENA HOSPITAL A PART OF HCA FLORID,FL,4,0.9827,374,1
MORTON PLANT HOSPITAL,FL,4,0.99344,2355,3
TAMPA GENERAL HOSPITAL,FL,3,1.07564,1854,2
HCA FLORIDA AVENTURA HOSPITAL,FL,3,1.044225,1089,2
SOUTH FLORIDA BAPTIST HOSPITAL,FL,3,0.9219999999999999,293,1
TALLAHASSEE MEMORIAL HEALTHCARE,FL,3,0.94366,1642,1
ADVENTHEALTH HEART OF FLORIDA,FL,3,1.1155333333333333,379,2
BAPTIST MEDICAL CENTER - NASSAU,FL,4,0.9892333333333333,529,1
JACKSON HOSPITAL,FL,1,1.0364,374,0
LOWER KEYS MEDICAL CENTER,FL,4,0.9778,329,1
MAYO CLINIC,FL,5,1.0139749999999998,2310,3
SOUTH MIAMI HOSPITAL,FL,4,1.000725,959,1
HCA FLORIDA LAKE CITY HOSPITAL,FL,3,1.0879,1102,2
LAKELAND REGIONAL MEDICAL CENTER,FL,1,1.0746,2775,2
CENTRAL FLORIDA LAKE MONROE HOSPITAL,FL,2,1.0256333333333334,499,2
HCA FLORIDA SARASOTA DOCTORS HOSPITAL,FL,4,1.02302,1407,1
HCA FLORIDA MERCY HOSPITAL,FL,2,1.0176333333333334,405,2
BOCA RATON REGIONAL HOSPITAL,FL,2,1.03626,3053,3
ADVENTHEALTH TAMPA,FL,3,1.0150000000000001,1412,2
DESOTO MEMORIAL HOSPITAL,FL,2,1.0076,79,2
PALM BEACH GARDENS MEDICAL CENTER,FL,2,1.04995,1368,2
CAPE CANAVERAL HOSPITAL,FL,3,0.9284,644,1
HCA FLORIDA MEMORIAL HOSPITAL,FL,2,0.9925999999999999,823,2
HCA FLORIDA ST PETERSBURG HOSPITAL,FL,2,1.0382500000000001,226,2
LARKIN COMMUNITY HOSPITAL,FL,1,1.0164,108,2
CORAL GABLES HOSPITAL,FL,3,1.0078,217,2
PALMETTO GENERAL HOSPITAL,FL,2,0.973525,484,2
HCA FLORIDA NORTHWEST HOSPITAL,FL,2,1.0495,711,2
HCA FLORIDA TRINITY HOSPITAL,FL,2,1.075725,757,2
BROWARD HEALTH IMPERIAL POINT,FL,3,1.0186,256,0
HCA FLORIDA NORTH FLORIDA HOSPITAL,FL,3,0.9925833333333333,3095,3
HCA FLORIDA SOUTH TAMPA HOSPITAL,FL,5,1.0507333333333333,303,1
HCA FLORIDA KENDALL HOSPITAL,FL,4,1.0272666666666666,541,1
ADVENTHEALTH DADE CITY,FL,4,1.0566499999999999,192,2
MARION COMMUNTIY HOSPITAL,FL,1,1.0749,3848,3
HCA FLORIDA BLAKE HOSPITAL,FL,2,1.0658,984,2
ORLANDO HEALTH SEBASTIAN RIVER HOSPITAL,FL,4,0.9693999999999999,531,1
GULF COAST MEDICAL CENTER LEE HEALTH,FL,4,0.9798749999999999,2780,0
HCA FLORIDA FORT WALTON-DESTIN HOSPITAL,FL,3,1.09532,1612,2
UNIVERSITY HOSPITAL AND MEDICAL CENTER,FL,2,1.1235,357,2
HCA FLORIDA ORANGE PARK HOSPITAL,FL,3,0.9662999999999999,1216,1
WESTSIDE REGIONAL MEDICAL CENTER,FL,2,1.01905,742,2
MEMORIAL HOSPITAL PEMBROKE,FL,4,1.0113333333333332,254,0
HCA FLORIDA WEST HOSPITAL,FL,3,1.048975,1556,2
HCA FLORIDA PUTNAM HOSPITAL,FL,2,1.019475,795,2
HCA FLORIDA FAWCETT HOSPITAL,FL,1,1.0743399999999999,1493,2
HCA FLORIDA NORTHSIDE HOSPITAL,FL,1,1.121075,713,2
HCA FLORIDA GULF COAST HOSPITAL,FL,2,1.0052750000000001,1286,2
HCA FLORIDA BRANDON HOSPITAL,FL,3,1.04214,1084,2
CAPE CORAL HOSPITAL,FL,3,0.9710000000000001,1714,0
HCA FLORIDA LAWNWOOD HOSPITAL,FL,1,1.09472,1307,2
HCA FLORIDA LARGO HOSPITAL,FL,2,1.040975,977,2
TAMPA GENERAL HOSPITAL CRYSTAL RIVER,FL,2,1.030275,898,2
HCA FLORIDA RAULERSON HOSPITAL,FL,3,1.0588333333333333,447,2
JUPITER MEDICAL CENTER,FL,4,1.0604333333333333,2425,3
HCA FLORIDA CAPITAL HOSPITAL,FL,2,1.0641,679,2
HCA FLORIDA BAYONET POINT HOSPITAL,FL,2,1.1238199999999998,1088,2
DELRAY MEDICAL CENTER,FL,1,1.02592,2557,2
HCA FLORIDA SOUTH SHORE HOSPITAL,FL,2,1.06575,837,2
ST LUCIE MEDICAL CENTER,FL,1,1.20138,1990,2
HCA FLORIDA OAK HILL HOSPITAL,FL,1,1.13696,1876,2
MEASE COUNTRYSIDE HOSPITAL,FL,4,0.963025,1860,3
GULF BREEZE HOSPITAL,FL,4,1.0095666666666665,532,1
HCA FLORIDA ENGLEWOOD HOSPITAL,FL,3,1.0618333333333334,637,2
WEST BOCA MEDICAL CENTER,FL,3,1.02885,485,2
HCA FLORIDA PALMS WEST HOSPITAL,FL,2,1.0603666666666667,464,2
WELLINGTON REGIONAL MEDICAL CENTER,FL,2,1.0503,812,2
BROWARD HEALTH CORAL SPRINGS,FL,4,1.064625,636,0
MEMORIAL HOSPITAL WEST,FL,3,1.080575,1018,0
KERALTY HOSPITAL,FL,2,1.07645,197,2
MEMORIAL HOSPITAL MIRAMAR,FL,5,0.9978,231,0
PHYSICIANS REGIONAL MEDICAL CENTER - PINE RIDGE,FL,2,1.0455,2476,2
GOOD SAMARITAN MEDICAL CENTER,FL,2,1.1538,860,2
ST MARY'S MEDICAL CENTER,FL,1,0.9841,95,2
CLEVELAND CLINIC HOSPITAL,FL,5,0.9872,990,1
"VILLAGES REGIONAL HOSPITAL, THE",FL,4,1.0007,2371,3
ORLANDO HEALTH MELBOURNE HOSPITAL,FL,3,1.0154666666666667,431,2
SACRED HEART HOSPITAL ON THE EMERALD COAST,FL,3,1.00555,413,2
DOCTORS HOSPITAL,FL,5,1.0327000000000002,334,1
LAKEWOOD RANCH MEDICAL CENTER,FL,4,0.9499,895,1
ORLANDO HEALTH ST CLOUD HOSPITAL,FL,2,1.0439333333333334,390,2
ASCENSION ST VINCENT'S SOUTHSIDE,FL,4,1.0328666666666668,498,1
WEST KENDALL BAPTIST HOSPITAL,FL,5,0.99675,447,1
VIERA HOSPITAL,FL,5,0.8639,574,1
PALM BAY HOSPITAL,FL,3,0.9234666666666667,668,1
ADVENTHEALTH WESLEY CHAPEL,FL,5,0.990975,1048,1
HCA FLORIDA POINCIANA HOSPITAL,FL,2,1.09785,226,2
ASCENSION ST VINCENT'S CLAY COUNTY,FL,3,1.04505,922,2
OVIEDO MEDICAL CENTER,FL,3,1.0365,268,2
UCF LAKE NONA HOSPITAL,FL,3,1.0245000000000002,117,2
SARASOTA MEMORIAL HOSPITAL - VENICE,FL,5,0.9493250000000001,1673,0
ASCENSION ST VINCENT'S ST JOHNS COUNTY,FL,4,1.0179,68,1
ADVENTHEALTH PALM COAST PARKWAY,FL,4,1.00375,165,1
HAMILTON MEDICAL CENTER,GA,3,1.00665,1087,1
UPSON REGIONAL MEDICAL CENTER,GA,1,1.0675,187,2
Memorial Satilla Health,GA,3,1.044475,591,2
NORTHSIDE HOSPITAL FORSYTH,GA,4,0.9499333333333334,1425,1
ST MARY'S HOSPITAL,GA,1,1.12386,701,2
PHOEBE PUTNEY MEMORIAL HOSPITAL,GA,2,1.0158,1063,0
NORTHSIDE HOSPITAL CHEROKEE,GA,4,0.979425,1489,1
EMORY UNIVERSITY HOSPITAL,GA,4,1.0158333333333334,972,1
TANNER MEDICAL CENTER - CARROLLTON,GA,2,1.038775,933,0
TANNER MEDICAL CENTER VILLA RICA,GA,3,1.1020666666666667,326,0
WELLSTAR WEST GEORGIA MEDICAL CENTER,GA,5,1.001425,656,1
PIEDMONT NEWTON HOSPITAL,GA,3,1.0243,338,2
ADVENTHEALTH GORDON,GA,3,0.9473499999999999,388,1
CANDLER HOSPITAL,GA,2,0.9795666666666666,504,2
SOUTHEAST GEORGIA HEALTH SYSTEM- BRUNSWICK CAMPUS,GA,2,1.031975,1328,0
"TY COBB REGIONAL MEDICAL CENTER, LLC",GA,3,1.01185,205,2
PIEDMONT AUGUSTA HOSPITAL,GA,2,0.99942,2072,0
"NORTHEAST GEORGIA MEDICAL CENTER, INC",GA,3,0.96954,4045,3
PIEDMONT CARTERSVILLE MEDICAL CENTER,GA,3,1.0038,724,1
WELLSTAR SPALDING MEDICAL CENTER,GA,2,1.0323333333333333,520,2
STEPHENS COUNTY HOSPITAL,GA,2,1.0198,76,0
"WELLSTAR MCG HEALTH, AFFILIATED WITH MED COL",GA,1,1.0384250000000002,568,2
WELLSTAR KENNESTONE REGIONAL MEDICAL CENTER,GA,4,0.98742,3087,0
SAVANNAH HEALTH SERVICES LLC DBA MEMORIAL HEALTH UNIVERSITY MEDICAL CENTER,GA,1,1.08748,1357,2
ARCHBOLD MEMORIAL HOSPITAL,GA,2,0.9631500000000001,672,2
NORTHEAST GEORGIA MEDICAL CENTER HABERSHAM,GA,3,1.0175,105,0
WELLSTAR PAULDING MEDICAL CENTER,GA,4,1.03755,1322,1
ST JOSEPH'S HOSPITAL - SAVANNAH,GA,2,0.9966,920,2
PHOEBE SUMTER MEDICAL CENTER,GA,3,1.0468666666666666,221,0
PIEDMONT WALTON HOSPITAL,GA,4,0.9979499999999999,366,1
ADVENTHEALTH MURRAY,GA,5,0.9635,95,1
UNION GENERAL HOSPITAL,GA,3,1.0025000000000002,518,0
ATRIUM HEALTH FLOYD MEDICAL CENTER,GA,2,1.051625,1141,0
PIEDMONT COLUMBUS REGIONAL MIDTOWN,GA,2,1.0181333333333333,571,2
EMORY HOUSTON HOSPITAL WARNER ROBINS,GA,2,1.020675,1369,2
PIEDMONT ATHENS REGIONAL MEDICAL CENTER,GA,4,1.0206,2200,3
EAST GEORGIA REGIONAL MEDICAL CENTER,GA,3,1.016475,645,2
EMORY DECATUR HOSPITAL,GA,2,1.034325,556,2
EMORY UNIVERSITY HOSPITAL MIDTOWN,GA,2,1.0402333333333333,581,2
GRADY MEMORIAL HOSPITAL,GA,2,1.04745,313,2
"SAINT JOSEPH'S HOSPITAL OF ATLANTA, INC",GA,3,1.0443799999999999,1610,2
"PIEDMONT HOSPITAL, INC",GA,4,1.0129199999999998,1932,0
NORTHSIDE HOSPITAL GWINNETT,GA,3,0.9823600000000001,1757,0
"COFFEE REGIONAL MEDICAL CENTER, INC",GA,3,1.0034333333333334,362,0
PIEDMONT ROCKDALE HOSPITAL,GA,3,1.0243,469,2
TIFT REGIONAL MEDICAL CENTER,GA,3,1.0299333333333334,542,0
CRISP REGIONAL HOSPITAL,GA,2,1.1089,116,2
COLQUITT REGIONAL MEDICAL CENTER,GA,4,1.1057666666666668,424,0
ATRIUM HEALTH NAVICENT THE MEDICAL CENTER,GA,2,0.9888,1476,0
EMANUEL MEDICAL CENTER,GA,4,0.9893,61,0
SGMC HEALTH,GA,2,1.050275,1365,0
WAYNE MEMORIAL HOSPITAL,GA,3,1.0286,126,0
FAIRVIEW PARK HOSPITAL,GA,4,1.0298,610,1
MEMORIAL HEALTH MEADOWS HOSPITAL,GA,5,1.0049000000000001,309,1
ST FRANCIS HOSPITAL- EMORY HEALTHCARE,GA,3,1.00095,1012,1
MEMORIAL HOSPITAL AND MANOR,GA,1,1.0408,78,0
WELLSTAR COBB MEDICAL CENTER,GA,3,0.9998750000000001,929,1
NAVICENT HEALTH BALDWIN,GA,2,0.9846,107,2
NORTHSIDE HOSPITAL,GA,3,1.050675,881,2
"COLISEUM MEDICAL CENTERS, LLC, DBA",GA,3,1.0011999999999999,690,1
SOUTHERN REGIONAL MEDICAL CENTER,GA,1,1.0509499999999998,140,2
ADVENTHEALTH REDMOND,GA,4,1.0179,1643,1
DOCTORS HOSPITAL,GA,3,0.9994999999999999,582,2
WELLSTAR DOUGLAS MEDICAL CENTER,GA,3,0.9579,468,1
PIEDMONT HENRY HOSPITAL,GA,2,1.037175,935,0
PIEDMONT EASTSIDE MEDICAL CENTER,GA,2,1.018775,638,2
WELLSTAR NORTH FULTON MEDICAL CENTER,GA,2,0.9580333333333333,712,2
PIEDMONT COLUMBUS REGIONAL NORTHSIDE,GA,5,0.9791333333333334,520,1
PIEDMONT MACON NORTH HOSPITAL,GA,4,1.0154,197,1
PIEDMONT FAYETTE HOSPITAL,GA,3,1.02915,1424,2
PIEDMONT MOUNTAINSIDE HOSPITAL INC,GA,4,0.9882333333333334,579,1
EMORY HILLANDALE HOSPITAL,GA,1,1.1152,77,0
"PIEDMONT NEWNAN HOSPITAL, INC",GA,4,0.95285,954,1
EMORY JOHNS CREEK HOSPITAL,GA,4,0.9991333333333333,740,1
NORTHSIDE HOSPITAL DULUTH,GA,4,1.0279999999999998,371,1
THE QUEENS MEDICAL CENTER,HI,3,0.9936,1843,3
MAUI MEMORIAL MEDICAL CENTER,HI,2,0.9674666666666667,440,0
HILO BENIOFF MEDICAL CENTER,HI,3,0.998775,741,0
ADVENTIST HEALTH CASTLE,HI,4,0.9683,444,1
KUAKINI MEDICAL CENTER,HI,4,0.9669,309,1
WILCOX MEMORIAL HOSPITAL,HI,2,1.1564,126,0
KONA COMMUNITY HOSPITAL,HI,2,1.0070000000000001,165,0
STRAUB CLINIC AND HOSPITAL,HI,4,0.9602333333333334,678,1
PALI MOMI MEDICAL CENTER,HI,4,0.9921666666666668,767,1
ST LUKES MAGIC VALLEY MEDICAL CENTER,ID,4,0.874,823,1
ST JOSEPH REGIONAL MEDICAL CENTER,ID,2,0.9205,540,1
ST LUKE'S REGIONAL MEDICAL CENTER,ID,5,0.873075,1562,1
SAINT ALPHONSUS REGIONAL MEDICAL CENTER,ID,3,0.9280333333333334,727,1
SAINT ALPHONSUS MEDICAL CENTER - NAMPA,ID,3,0.97075,254,1
WEST VALLEY MEDICAL CENTER,ID,5,0.97325,194,1
EASTERN IDAHO REGIONAL MEDICAL CENTER,ID,3,0.8861,735,1
PORTNEUF MEDICAL CENTER,ID,4,0.9625666666666667,591,1
KOOTENAI HEALTH,ID,4,0.880725,1460,0
ST LUKE'S NAMPA MEDICAL CENTER,ID,5,0.9288000000000001,293,1
"IDAHO FALLS COMMUNITY HOSPITAL, LLC",ID,4,0.9573,134,1
GRAHAM HOSPITAL ASSOCIATION,IL,3,1.0011999999999999,192,1
ALTON MEMORIAL HOSPITAL,IL,4,1.0709,765,2
SAINT JOSEPH MEDICAL CENTER,IL,1,1.03445,1620,2
LOYOLA GOTTLIEB MEMORIAL HOSPITAL,IL,3,1.057275,735,2
NORTHSHORE UNIVERSITY HEALTHSYSTEM - EVANSTON HOSPITAL,IL,5,0.9856199999999999,6426,3
HERRIN HOSPITAL,IL,1,1.119525,919,2
OSF SAINT KATHARINE MEDICAL CENTER,IL,2,1.01055,362,2
CARLE HEALTH PROCTOR HOSPITAL,IL,3,0.9682999999999999,392,1
BLESSING HOSPITAL,IL,4,0.95974,2068,3
MT SINAI HOSPITAL MEDICAL CENTER,IL,1,1.01525,140,2
COPLEY MEMORIAL HOSPITAL,IL,4,0.977975,1289,1
ADVOCATE SHERMAN HOSPITAL,IL,4,1.0327,1632,1
ST ANTHONYS MEMORIAL HOSPITAL,IL,3,1.0329000000000002,610,2
SSM HEALTH ST MARY'S HOSPITAL -CENTRALIA,IL,3,1.0476333333333334,570,2
CGH MEDICAL CENTER,IL,1,1.058625,672,0
GOOD SAMARITAN REGIONAL HLTH CENTER,IL,4,1.0039200000000001,1427,1
ADVOCATE TRINITY HOSPITAL,IL,2,1.06375,1186,2
WEST SUBURBAN MEDICAL CENTER,IL,1,1.05035,210,2
OSF SAINT ANTHONY'S HEALTH CENTER,IL,4,0.9823999999999999,284,1
ST JOHNS HOSPITAL,IL,2,0.94686,2428,3
MACNEAL  HOSPITAL,IL,3,1.062625,689,2
JERSEY COMMUNITY HOSPITAL,IL,3,0.9863500000000001,182,0
PALOS COMMUNITY HOSPITAL,IL,4,1.10532,3873,3
RUSH OAK PARK HOSPITAL,IL,4,1.0351,489,1
ST MARY MEDICAL CENTER,IL,2,1.0198333333333334,641,2
UCHICAGO MEDICINE ADVENTHEALTH LA GRANGE,IL,5,1.000475,1314,1
SAINT FRANCIS MEDICAL CENTER,IL,2,1.01648,2792,3
ROSELAND COMMUNITY HOSPITAL,IL,1,1.0052,53,2
SAINT FRANCIS HOSPITAL-EVANSTON,IL,2,1.0626666666666666,467,2
LOUIS A WEISS MEMORIAL HOSPITAL,IL,1,1.1399,422,2
VISTA MEDICAL CENTER EAST,IL,2,1.0016666666666667,524,2
THE UNIVERSITY OF CHICAGO MEDICAL CENTER,IL,4,1.01936,1588,1
MC DONOUGH DISTRICT HOSPITAL,IL,3,1.1684,145,0
CARLE FOUNDATION HOSPITAL,IL,2,1.07454,1986,2
OSF SACRED HEART MEDICAL CENTER,IL,2,1.0627666666666666,522,2
MORRIS HOSPITAL & HEALTHCARE CENTERS,IL,4,1.0222666666666667,661,1
ST BERNARD HOSPITAL,IL,1,1.0705,68,2
OSF SAINT ELIZABETH MDL CTR,IL,3,0.9670000000000001,491,1
OSF HEART OF MARY MEDICAL CENTER,IL,3,1.0149,364,2
SWEDISH HOSPITAL,IL,3,0.990875,917,1
NORTHWESTERN MEDICINE MCHENRY,IL,5,1.04335,3694,3
AMITA HEALTH RESURRECTION MEDICAL CENTER,IL,3,0.97,1334,1
RUSH UNIVERSITY MEDICAL CENTER,IL,5,0.9724666666666666,1586,1
CARLE HEALTH PEKIN HOSPITAL,IL,3,0.9764,267,1
UCHICAGO MEDICINE ADVENTHEALTH HINSDALE,IL,5,0.972825,1032,1
JOHN H STROGER JR HOSPITAL,IL,2,1.0039666666666667,276,0
GATEWAY REGIONAL MEDICAL CENTER,IL,2,1.0043,79,2
CARLE BROMENN MEDICAL CENTER,IL,3,1.1366,1137,2
NORTHWESTERN LAKE FOREST HOSPITAL,IL,5,0.98075,1322,1
HOLY CROSS HOSPITAL,IL,2,1.0180666666666667,272,2
DECATUR MEMORIAL HOSPITAL,IL,3,0.9469,1057,1
ST JOSEPHS HOSPITAL,IL,4,0.9822,262,1
MEMORIAL MEDICAL CENTER,IL,3,0.99284,2160,3
UNIVERSITY OF ILLINOIS HOSPITAL AND CLINICS,IL,4,1.0181,268,0
PRESENCE ST MARYS HOSPITAL,IL,4,0.9341666666666667,407,1
INSIGHT HOSPITAL AND MEDICAL CENTER CHICAGO,IL,1,1.0218,57,2
FHN MEMORIAL HOSPITAL,IL,3,0.9128499999999999,337,1
SAINT JAMES HOSPITAL,IL,4,1.0201,242,1
ST JOSEPH MEDICAL CENTER,IL,2,1.0358,953,2
MEMORIAL HOSPITAL OF CARBONDALE,IL,1,1.02695,985,2
ST MARYS HOSPITAL,IL,1,1.057625,875,2
FRANCISCAN HEALTH OLYMPIA & CHICAGO HEIGHTS,IL,3,1.036575,1028,2
PRESENCE MERCY MEDICAL CENTER,IL,3,1.05795,500,2
JACKSON PARK HOSPITAL,IL,1,1.041,69,2
OSF LITTLE COMPANY OF MARY MEDICAL CENTER,IL,2,1.098175,1158,2
PRESENCE SAINTS MARY AND ELIZABETH MEDICAL CENTER,IL,3,1.0460500000000001,370,2
ADVOCATE ILLINOIS MASONIC MEDICAL CENTER,IL,3,1.0502666666666667,492,2
HEARTLAND REGIONAL MEDICAL CENTER,IL,2,1.0686666666666667,318,2
MEMORIAL HOSPITAL,IL,5,1.00455,1709,1
RIVERSIDE MEDICAL CENTER,IL,4,0.992225,1186,1
HSHS ST ELIZABETH'S HOSPITAL,IL,4,0.98655,1233,1
SARAH BUSH LINCOLN HEALTH CENTER,IL,3,1.0346250000000001,1488,2
INGALLS MEMORIAL HOSPITAL,IL,2,1.0651,761,2
ELMHURST MEMORIAL HOSPITAL,IL,3,1.0556833333333333,3375,3
ADVOCATE CONDELL MEDICAL CENTER,IL,4,1.011525,2298,3
HUMBOLDT PARK HEALTH,IL,1,1.0408,118,2
ADVOCATE CHRIST HOSPITAL & MEDICAL CENTER,IL,3,1.1201333333333332,2708,3
CARLE HEALTH METHODIST HOSPITAL,IL,2,1.028275,996,2
NORTHWESTERN MEDICINE DELNOR COMMUNITY HOSPITAL,IL,5,0.9882,1299,1
SILVER CROSS HOSPITAL  AND MEDICAL CENTERS,IL,5,1.014,3180,3
SAINT JOSEPH HOSPITAL-ELGIN,IL,4,0.9403,329,1
ADVOCATE LUTHERAN GENERAL HOSPITAL,IL,4,1.0106600000000001,2893,3
PRESENCE SAINT JOSEPH HOSPITAL - CHICAGO,IL,4,1.0018,291,1
UW HEALTH,IL,3,1.08566,1312,2
EDWARD HOSPITAL,IL,3,1.0712,2893,3
SAINT ANTHONY MEDICAL CENTER,IL,2,1.1090666666666666,1532,2
JAVON BEA HOSPITAL,IL,3,0.965725,651,1
NORTHWESTERN MEDICINE CENTRAL DUPAGE HOSPITAL,IL,5,0.9831999999999999,2291,3
COMMUNITY FIRST MEDICAL CENTER,IL,2,1.0047666666666666,408,2
NORTHWEST COMMUNITY HOSPITAL 1,IL,4,1.0179166666666666,3581,3
ALEXIAN BROTHERS MEDICAL CENTER 1,IL,3,1.0421,1977,3
GENESIS HLTH SYSTEM DBA GENESIS MDL CTR-ILLINI,IL,2,0.9634,205,0
LOYOLA UNIVERSITY MEDICAL CENTER,IL,2,1.0501200000000002,1154,2
TRINITY ROCK ISLAND,IL,3,1.0287250000000001,1177,2
NORTHWESTERN MEMORIAL HOSPITAL,IL,5,1.01065,3003,3
NORTHWESTERN MEDICINE KISHWAUKEE HOSPITAL,IL,5,0.978125,886,1
ADVOCATE GOOD SAMARITAN HOSPITAL,IL,4,1.0107,2068,3
ANDERSON HOSPITAL,IL,3,1.0385666666666666,731,2
ST ALEXIUS MEDICAL CENTER,IL,5,0.9827333333333333,1284,1
ADVOCATE GOOD SHEPHERD HOSPITAL,IL,5,1.03252,1867,3
UCHICAGO MEDICINE ADVENTHEALTH GLENOAKS,IL,3,1.0250000000000001,275,2
UCHICAGO MEDICINE ADVENTHEALTH BOLINGBROOK,IL,3,1.0278,467,2
JOHNSON MEMORIAL HOSPITAL,IN,5,0.9882500000000001,240,0
METHODIST HOSPITALS INC,IN,1,1.08535,943,2
HENDRICKS REGIONAL HEALTH,IN,5,0.9761333333333333,655,0
NORTHWEST HEALTH-LA PORTE,IN,3,1.0770666666666668,674,2
COMMUNITY HOWARD REGIONAL HEALTH INC.,IN,4,0.9834,470,1
ST CATHERINE HOSPITAL INC,IN,4,1.0067333333333333,286,1
NORTON CLARK HOSPITAL,IN,3,0.9695,939,1
ASCENSION ST VINCENT KOKOMO,IN,4,0.98965,379,1
MARION GENERAL HOSPITAL,IN,3,1.0064,535,1
SAINT JOSEPH REGIONAL MEDICAL CENTER,IN,2,0.993275,1136,2
FRANCISCAN HEALTH MICHIGAN CITY,IN,3,1.075875,913,2
LUTHERAN HOSPITAL OF INDIANA,IN,3,0.9767250000000001,1319,1
ELKHART GENERAL HOSPITAL,IN,4,0.9704599999999999,1074,0
PARKVIEW REGIONAL MEDICAL CENTER,IN,3,0.9926400000000001,2415,3
FRANCISCAN HEALTH CRAWFORDSVILLE,IN,5,1.00255,192,1
UNION HOSPITAL INC,IN,3,1.026175,2214,3
ESKENAZI HEALTH,IN,3,1.0372333333333332,349,0
GOSHEN HOSPITAL,IN,3,0.9773999999999999,488,1
HENRY COUNTY MEMORIAL HOSPITAL,IN,4,1.0191333333333332,342,0
ST MARY MEDICAL CENTER INC,IN,3,1.0131166666666667,1409,2
NORTHWEST HEALTH - PORTER,IN,2,1.004775,1669,2
HANCOCK REGIONAL HOSPITAL,IN,4,1.0095333333333334,356,0
GOOD SAMARITAN HOSPITAL,IN,2,1.02765,903,2
BAPTIST HEALTH FLOYD,IN,3,1.001775,2141,3
PARKVIEW DEKALB HOSPITAL,IN,3,1.0469,62,2
TERRE HAUTE REGIONAL HOSPITAL,IN,2,1.069275,581,2
REID HEALTH,IN,2,1.010325,1886,2
INDIANA UNIVERSITY HEALTH BLOOMINGTON HOSPITAL,IN,3,0.9092,1314,1
INDIANA UNIVERSITY HEALTH,IN,3,1.0017800000000001,1353,1
FRANCISCAN HEALTH MOORESVILLE,IN,5,1.0119,284,1
MEMORIAL HOSPITAL OF SOUTH BEND,IN,2,0.981225,1184,2
RIVERVIEW HEALTH,IN,4,1.0077999999999998,442,0
NORTON-KING'S DAUGHTERS' HEALTH,IN,2,0.9931333333333333,366,2
COMMUNITY HOSPITAL EAST,IN,3,1.03436,1391,2
SAINT JOSEPH REGIONAL MEDICAL CENTER - PLYMOUTH,IN,4,0.9454,127,1
DEACONESS HOSPITAL INC,IN,2,1.04565,3766,3
ASCENSION ST VINCENT HOSPITAL,IN,2,1.0004,1166,2
ST ELIZABETH DEARBORN HOSPITAL,IN,5,1.0202333333333333,425,0
ASCENSION ST VINCENT ANDERSON,IN,2,1.0446,369,2
INDIANA UNIVERSITY HEALTH BALL MEMORIAL HOSPITAL,IN,3,1.00024,2172,3
FRANCISCAN HEALTH DYER,IN,2,1.0231,761,2
PARKVIEW HUNTINGTON HOSPITAL,IN,4,1.1131,73,2
MAJOR HOSPITAL,IN,4,1.0153666666666668,337,0
ASCENSION ST VINCENT EVANSVILLE,IN,4,0.8974,1548,1
PARKVIEW WHITLEY HOSPITAL,IN,4,1.0002,80,1
NORTHWEST HEALTH - STARKE,IN,1,1.0533,31,2
WITHAM HEALTH SERVICES,IN,4,1.0145,234,0
FRANCISCAN HEALTH LAFAYETTE,IN,3,0.9716,1105,1
COLUMBUS REGIONAL HOSPITAL,IN,4,1.006875,1310,0
COMMUNITY HOSPITAL OF ANDERSON AND MADISON COUNTY,IN,3,0.9526333333333333,538,1
MEMORIAL HOSPITAL AND HEALTH CARE CENTER,IN,4,0.973,887,1
COMMUNITY HOSPITAL,IN,3,1.060425,2408,3
FRANCISCAN HEALTH CROWN POINT,IN,3,0.979025,1393,1
"COMMUNITY HOSPITAL SOUTH, INC.",IN,3,1.00925,929,2
KOSCIUSKO COMMUNITY HOSPITAL,IN,4,1.0119333333333334,374,1
PARKVIEW NOBLE HOSPITAL,IN,3,1.0481500000000001,170,2
DUPONT HOSPITAL LLC,IN,4,1.1035,70,2
ST VINCENT HEART CENTER,IN,5,0.9097333333333334,1109,1
ASCENSION ST VINCENT CARMEL,IN,3,0.9832000000000001,207,1
IU HEALTH WEST HOSPITAL,IN,4,0.9650666666666666,954,1
INDIANA UNIVERSITY HEALTH NORTH HOSPITAL,IN,4,0.94675,541,1
FRANCISCAN HEALTH INDIANAPOLIS,IN,4,1.01462,2382,3
FRANCISCAN HEALTH MUNSTER,IN,3,1.0514,466,2
COMMUNITY HOSPITAL NORTH,IN,3,0.9931333333333333,724,1
INDIANA UNIVERSITY HEALTH ARNETT HOSPITAL,IN,4,0.975475,1391,1
MONROE HOSPITAL,IN,4,0.9802,206,1
UNITYPOINT HEALTH - MARSHALLTOWN,IA,3,0.99115,213,1
TRINITY MUSCATINE,IA,4,0.96075,190,1
TRINITY REGIONAL MEDICAL CENTER,IA,2,0.96305,474,2
CHI HEALTH MERCY COUNCIL BLUFFS,IA,5,0.9819,262,1
UNIVERSITY OF IOWA HEALTH CARE MEDICAL CENTER DOWN,IA,4,1.0234,933,1
MARY GREELEY MEDICAL CENTER,IA,4,0.95745,1229,0
GENESIS MEDICAL CENTER-DAVENPORT,IA,2,1.0614599999999998,2124,2
ST LUKES HOSPITAL,IA,4,1.01006,1667,1
METHODIST JENNIE EDMUNDSON,IA,3,0.9808666666666667,612,1
SOUTHEAST IOWA REGIONAL MEDICAL CENTER,IA,4,0.9389000000000001,1174,1
UNIVERSITY OF IOWA HOSPITAL & CLINICS,IA,2,0.9615600000000001,1342,0
MERCYONE NORTH IOWA MEDICAL CENTER,IA,2,1.01958,1574,2
MERCYONE WATERLOO MEDICAL CENTER,IA,4,0.9067000000000001,319,1
MERCYONE DUBUQUE MEDICAL CENTER,IA,3,0.9899,391,1
MERCY MEDICAL CENTER - CEDAR RAPIDS,IA,4,0.9684,1331,1
MERCYONE CLINTON MEDICAL CENTER,IA,4,0.9771666666666666,586,1
UNITYPOINT HEALTH - DES MOINES IOWA METHODIST MEDI,IA,3,0.9729800000000001,4063,3
MERCYONE DES MOINES MEDICAL CENTER,IA,1,0.9183,2343,3
OTTUMWA REGIONAL HEALTH CENTER,IA,2,0.9612,82,2
TRINITY - BETTENDORF,IA,3,0.9742,239,1
ALLEN HOSPITAL,IA,3,0.9586400000000002,1101,1
SPENCER MUNICIPAL HOSPITAL,IA,4,1.0213,301,0
FINLEY HOSPITAL,IA,3,1.01215,315,2
LAKES REGIONAL HEALTHCARE,IA,2,1.0559500000000002,217,0
ST LUKES REGIONAL MEDICAL CENTER,IA,2,0.9515333333333333,700,2
MERCYONE SIOUXLAND MEDICAL CENTER,IA,2,1.0143333333333333,659,2
"MERCY HOSPITAL PITTSBURG, INC",KS,3,0.9702500000000001,213,1
SAINT JOHN HOSPITAL,KS,3,0.99865,225,1
SALINA REGIONAL HEALTH CENTER,KS,3,0.891525,772,1
HAYS MEDICAL CENTER,KS,3,0.9359,1038,1
ADVENTHEALTH OTTAWA,KS,3,1.0875,227,0
UNIVERSITY OF KANSAS HEALTH SYSTEM - ST FRANCIS CAMPUS,KS,3,0.952175,1035,1
HUTCHINSON REGIONAL MEDICAL CENTER INC,KS,2,0.934225,1000,1
ST. CATHERINE HOSPITAL - GARDEN CITY,KS,2,1.00345,235,2
UNIVERSITY OF KANSAS HOSPITAL,KS,5,0.9380200000000001,2204,0
UNIVERSITY OF KANSAS HEALTH SYSTEM OLATHE HOSPITAL,KS,4,0.936025,1065,1
SOUTHWEST MEDICAL CENTER,KS,1,1.0568,129,0
"STORMONT VAIL HEALTH FLINT HILLS, LLC",KS,4,1.0747,70,2
STORMONT VAIL HOSPITAL,KS,4,0.9946999999999999,2381,3
NMC HEALTH,KS,5,1.0077500000000001,263,1
ADVENTHEALTH SHAWNEE MISSION,KS,3,1.0116749999999999,1265,2
"ASCENSION VIA CHRISTI HOSPITALS WICHITA, INC.",KS,2,0.9470000000000001,1937,3
WESLEY MEDICAL CENTER,KS,4,0.8920999999999999,2179,3
LMH,KS,4,0.9951333333333334,791,0
"ASCENSION VIA CHRISTI HOSPITAL MANHATTAN, INC",KS,4,0.9022,329,1
PROVIDENCE MEDICAL CENTER,KS,3,1.0335999999999999,718,2
CENTURA ST. CATHERINE-DODGE CITY,KS,3,1.0297,79,2
OVERLAND PARK REG MED CTR,KS,4,1.0546,640,2
MENORAH MEDICAL CENTER,KS,3,1.0807333333333335,1060,2
SAINT LUKE'S SOUTH HOSPITAL,KS,4,0.9860333333333333,947,1
KANSAS HEART HOSPITAL,KS,4,0.8666333333333333,787,1
UNIVERSITY  OF KS HLTH SYSTEM GREAT BEND CAMPUS,KS,4,0.99365,173,0
KANSAS MEDICAL CENTER LLC,KS,2,0.9899,564,2
"VIA CHRISTI HOSPITAL WICHITA ST TERESA, INC",KS,4,0.9721500000000001,531,1
"ROCK REGIONAL HOSPITAL, LLC",KS,4,0.9725,109,1
"ADVENTHEALTH SOUTH OVERLAND PARK, INC",KS,4,1.02525,120,1
ST ELIZABETH FT THOMAS,KY,5,1.0696666666666665,614,1
WHITESBURG ARH HOSPITAL,KY,3,1.007,313,2
OWENSBORO HEALTH MUHLENBERG COMMUNITY HOSPITAL,KY,4,1.0104,170,1
HIGHLANDS ARH REGIONAL MEDICAL CENTER,KY,2,1.04685,174,2
KING'S DAUGHTERS' MEDICAL CENTER,KY,3,1.01562,2324,3
SAINT JOSEPH HOSPITAL,KY,3,1.054975,916,2
SAINT JOSEPH LONDON,KY,3,1.0249,450,2
BAPTIST HEALTH HARDIN,KY,3,1.020775,1670,0
THE MEDICAL CENTER (BOWLING GREEN),KY,2,0.94938,1651,1
T J SAMSON COMMUNITY HOSPITAL,KY,3,1.0100333333333333,682,2
ST CLAIRE REGIONAL MEDICAL CENTER,KY,2,1.0642,401,0
MEADOWVIEW REGIONAL MEDICAL CENTER,KY,4,0.94675,214,1
MIDDLESBORO ARH HOSPITAL,KY,1,1.0517,77,2
CHI SAINT JOSEPH FLAGET MEMORIAL HOSPITAL,KY,3,1.0053,203,1
MURRAY-CALLOWAY COUNTY HOSPITAL,KY,3,1.022,492,2
HAZARD ARH REGIONAL MEDICAL CENTER,KY,2,1.053125,541,2
ST ELIZABETH EDGEWOOD,KY,5,1.0390000000000001,2215,3
OWENSBORO HEALTH REGIONAL HOSPITAL,KY,2,0.99795,1628,2
UOFL HEALTH - JEWISH HOSPITAL and Mary & Elizabeth Hospital,KY,2,1.01178,1618,2
AdventHealthManchester,KY,3,1.01945,139,2
PIKEVILLE MEDICAL CENTER,KY,1,1.0546250000000001,1062,2
ST ELIZABETH FLORENCE,KY,3,1.0173666666666668,740,2
EPHRAIM MCDOWELL REGIONAL MEDICAL CENTER,KY,3,0.9955499999999999,827,1
BAPTIST HEALTH RICHMOND,KY,4,0.9659666666666666,457,1
HARLAN ARH HOSPITAL,KY,2,1.0669,274,2
JENNIE STUART MEDICAL CENTER,KY,1,0.9932666666666666,452,2
DEACONESS HENDERSON HOSPITAL,KY,2,1.0199,316,2
SAINT JOSEPH MOUNT STERLING,KY,4,1.0057,156,1
UNIVERSITY OF KENTUCKY HOSPITAL,KY,4,0.907525,843,1
TUG VALLEY ARH REGIONAL MEDICAL CENTER,KY,2,1.0917999999999999,298,2
OWENSBORO HEALTH TWIN LAKES MEDICAL CENTER,KY,3,0.98855,199,1
PAINTSVILLE ARH HOSPITAL,KY,2,1.1367,132,2
HARRISON MEMORIAL HOSPITAL,KY,3,1.0348,102,2
BAPTIST HEALTH CORBIN,KY,3,0.9245,520,1
TAYLOR REGIONAL HOSPITAL,KY,2,0.94955,227,0
"NORTON HOSPITALS, INC",KY,2,1.0676999999999999,4690,3
CLARK REGIONAL MEDICAL CENTER,KY,3,1.005725,384,2
BAPTIST HEALTH DEACONESS MADISONVILLE,KY,2,0.96745,599,2
GEORGETOWN COMMUNITY HOSPITAL,KY,3,1.0379,115,2
MERCY HEALTH - LOURDES HOSPITAL,KY,3,1.0565666666666667,1510,2
BAPTIST HEALTH LEXINGTON,KY,4,0.99138,2155,3
BAPTIST HEALTH PADUCAH,KY,4,0.9451999999999999,1283,1
MONROE COUNTY MEDICAL CENTER,KY,1,1.1026666666666667,266,2
JACKSON PURCHASE MEDICAL CENTER,KY,1,1.0242666666666667,417,0
TRISTAR GREENVIEW REGIONAL HOSPITAL,KY,2,1.040125,651,2
FRANKFORT REGIONAL MEDICAL CENTER,KY,3,1.0054,367,2
THREE RIVERS MEDICAL CENTER,KY,3,1.0051,68,2
BAPTIST HEALTH LOUISVILLE,KY,4,0.9884166666666667,3662,3
LAKE CUMBERLAND REGIONAL HOSPITAL,KY,2,1.036275,889,2
UNIVERSITY OF LOUISVILLE HOSPITAL,KY,1,1.0421333333333334,219,2
SAINT JOSEPH EAST,KY,2,1.1599333333333333,280,2
OCHSNER LAFAYETTE GENERAL MEDICAL CENTER,LA,3,0.9988333333333334,2096,3
THIBODAUX REGIONAL MEDICAL CENTER,LA,3,0.950025,683,1
UNIVERSITY MEDICAL CENTER NEW ORLEANS,LA,2,1.003,73,2
OCHSNER UNIVERSITY HOSPITAL AND CLINICS,LA,3,1.073,122,2
NATCHITOCHES REGIONAL MEDICAL CENTER,LA,4,1.0294,94,0
TERREBONNE GENERAL MEDICAL CENTER - PARISH,LA,4,1.0048333333333332,623,0
OCHSNER ST MARY,LA,2,1.0195,81,2
NORTH OAKS MEDICAL CENTER,LA,2,1.095875,1050,0
OPELOUSAS GENERAL HEALTH SYSTEM,LA,2,1.0269,555,0
CHRISTUS ST FRANCES CABRINI HOSPITAL,LA,3,0.9843,1569,1
LANE REGIONAL MEDICAL CENTER,LA,3,1.02055,186,0
RAPIDES REGIONAL MEDICAL CENTER,LA,2,1.0608,1019,2
CHRISTUS OCHSNER ST PATRICK HOSPITAL,LA,3,1.008425,767,2
OCHSNER MEDICAL CENTER ACUTE,LA,4,1.0267249999999999,1415,1
WEST JEFFERSON MEDICAL CENTER,LA,3,1.039,309,2
SLIDELL MEMORIAL HOSPITAL,LA,2,1.0942,795,0
CHRISTUS SHREVEPORT-BOSSIER HEALTH SYSTEM,LA,3,1.0413000000000001,1511,2
ACADIA GENERAL HOSPITAL,LA,3,0.9690333333333333,322,1
ST TAMMANY PARISH HOSPITAL,LA,4,1.0067,1001,0
TOURO INFIRMARY,LA,3,1.0589499999999998,243,2
BEAUREGARD MEMORIAL HOSPITAL,LA,3,0.9940500000000001,189,0
OCHSNER AMERICAN LEGION HOSPITAL,LA,2,1.0391333333333332,324,2
IBERIA MEDICAL CENTER,LA,2,0.95645,385,2
LAKE CHARLES MEMORIAL HOSPITAL,LA,3,0.9715499999999999,957,1
OUR LADY OF THE LAKE REGIONAL MEDICAL CENTER,LA,3,0.9555,1401,1
BATON ROUGE GENERAL MEDICAL CENTER,LA,3,1.068225,961,2
NORTHERN LOUISIANA MEDICAL CENTER,LA,2,0.99485,324,2
SPRINGHILL MEDICAL CENTER,LA,4,0.9954,74,1
OCHSNER LSU HEALTH SHREVEPORT,LA,2,0.9418,99,1
AVOYELLES HOSPITAL,LA,1,1.0617,67,2
"OUR LADY OF LOURDES REGIONAL MEDICAL CENTER, INC",LA,3,1.0322200000000001,2109,3
WILLIS KNIGHTON MEDICAL CENTER,LA,3,1.0561,3361,3
CLAIBORNE MEMORIAL MEDICAL CENTER,LA,1,1.0509,192,0
ST FRANCIS MEDICAL CENTER,LA,3,0.9899,1180,1
MINDEN MEDICAL CENTER,LA,2,1.0063,230,2
LASALLE GENERAL HOSPITAL,LA,1,1.0186,60,0
GLENWOOD REGIONAL MEDICAL CENTER,LA,2,1.096125,1051,2
BYRD REGIONAL HOSPITAL,LA,2,1.0564666666666667,354,2
MERCY REGIONAL MEDICAL CENTER,LA,3,0.9534,237,1
EAST JEFFERSON GENERAL HOSPITAL,LA,2,1.0362,1037,2
CITIZENS MEDICAL CENTER,LA,3,1.0466,86,0
OCHSNER MEDICAL CENTER - BATON ROUGE,LA,4,1.0195,334,1
OCHSNER MEDICAL CENTER-KENNER,LA,4,0.9781500000000001,202,1
ACADIAN MEDICAL CENTER,LA,3,1.025,49,2
ST JOSEPH HOSPITAL,ME,3,1.0558333333333334,507,2
NORTHERN LIGHT MERCY HOSPITAL,ME,4,0.9822500000000001,257,1
MAINEHEALTH MAINE MEDICAL CENTER,ME,4,0.94248,2299,3
NORTHERN LIGHT  A R GOULD HOSPITAL,ME,2,0.9827,66,2
YORK HOSPITAL,ME,4,1.0007000000000001,353,1
MAINEHEALTH MID COAST HOSPITAL,ME,3,0.96445,472,1
CENTRAL MAINE MEDICAL CENTER,ME,4,0.911675,768,1
CARY MEDICAL CENTER,ME,1,1.0739999999999998,103,0
NORTHERN LIGHT EASTERN MAINE MEDICAL CENTER,ME,5,0.820325,1483,1
MAINE GENERAL MEDICAL CENTER,ME,4,0.9074666666666666,595,1
NORTHERN LIGHT MAINE COAST HOSPITAL,ME,3,0.98175,172,1
MAINEHEALTH PEN BAY HOSPITAL,ME,3,1.03025,259,2
MERITUS MEDICAL CENTER,MD,3,1.05995,2443,3
UNIVERSITY OF MARYLAND MEDICAL CENTER,MD,3,0.9668599999999999,976,1
UNIVERSITY OF MD CAPITAL REGION MEDICAL CENTER,MD,1,1.0298,467,2
HOLY CROSS HOSPITAL,MD,2,0.99235,974,2
FREDERICK HEALTH HOSPITAL,MD,3,0.97245,2189,3
MERCY MEDICAL CENTER INC,MD,3,1.0593333333333332,286,2
"JOHNS HOPKINS HOSPITAL, THE",MD,5,0.95286,1634,1
SAINT AGNES HOSPITAL,MD,3,0.99675,1015,1
SINAI HOSPITAL OF BALTIMORE,MD,3,0.95252,1428,1
MEDSTAR FRANKLIN SQUARE MEDICAL CENTER,MD,3,0.9753499999999999,2450,3
ADVENTIST HEALTHCARE WHITE OAK MEDICAL CENTER,MD,3,1.03278,1650,2
GARRETT REGIONAL MEDICAL CENTER,MD,4,0.9795,76,1
MEDSTAR MONTGOMERY MEDICAL CENTER,MD,3,0.9635666666666666,919,1
"TIDALHEALTH PENINSULA REGIONAL, INC",MD,4,0.94754,2461,3
SUBURBAN HOSPITAL,MD,4,1.0115750000000001,1917,3
"LUMINIS HEALTH ANNE ARUNDEL MEDICAL CENTER, INC",MD,3,1.03292,4210,3
MEDSTAR UNION MEMORIAL HOSPITAL,MD,5,0.9173,1485,1
WESTERN MARYLAND REGIONAL MEDICAL CENTER,MD,4,0.970375,1613,1
MEDSTAR SAINT MARY'S HOSPITAL,MD,4,0.9352999999999999,1037,1
JOHNS HOPKINS BAYVIEW MEDICAL CENTER,MD,3,0.939875,1268,1
UNION HOSPITAL OF CECIL COUNTY,MD,4,1.0277,957,1
CARROLL HOSPITAL CENTER,MD,3,1.0100500000000001,2250,3
MEDSTAR HARBOR HOSPITAL,MD,4,0.953,684,1
UNIVERSITY OF MD CHARLES REGIONAL  MEDICAL CENTER,MD,3,0.9613666666666667,796,1
UNIVERSITY OF MD SHORE MEDICAL CENTER AT EASTON,MD,4,0.9111750000000001,1100,1
UNIVERSITY OF MD MEDICAL CENTER MIDTOWN CAMPUS,MD,3,0.9799,73,1
CALVERTHEALTH MEDICAL CENTER,MD,5,0.9864333333333333,946,1
NORTHWEST HOSPITAL CENTER,MD,2,1.032425,1189,2
UNIVERSITY OF MD BALTIMORE WASHINGTON MEDICAL CENTER,MD,5,0.93285,1722,1
GREATER BALTIMORE MEDICAL CENTER,MD,5,0.9380666666666667,1342,1
JOHNS HOPKINS HOWARD COUNTY MEDICAL CENTER,MD,3,1.006825,1956,3
UMD UPPER CHESAPEAKE MEDICAL CENTER,MD,2,0.98365,2111,3
"LUMINIS HEALTH DOCTORS COMMUNITY MEDICAL CTR, INC",MD,3,0.9687333333333333,1154,1
MEDSTAR GOOD SAMARITAN HOSPITAL,MD,3,0.9963333333333333,977,1
ADVENTIST HEALTHCARE SHADY GROVE MEDICAL CENTER,MD,2,1.07106,1738,2
ADVENTIST HEALTHCARE FORT WASHINGTON MEDICAL CTR,MD,4,0.99645,281,1
ATLANTIC GENERAL HOSPITAL,MD,3,0.9978333333333333,842,1
MEDSTAR SOUTHERN MARYLAND HOSPITAL CENTER,MD,2,0.9576,1386,2
UNIVERSITY OF MD ST JOSEPH MEDICAL CENTER,MD,5,0.9852166666666666,2425,3
HOLY CROSS GERMANTOWN HOSPITAL,MD,1,1.0795333333333332,491,2
UMASS MEMORIAL HEALTHALLIANCE HOSPITALS,MA,3,1.0557333333333334,1019,2
MOUNT AUBURN HOSPITAL,MA,4,0.990725,1316,1
STURDY MEMORIAL HOSPITAL,MA,3,1.1568749999999999,1669,2
MERRIMACK HEALTH LAWRENCE HOSPITAL,MA,2,1.0213999999999999,1243,2
CAMBRIDGE HEALTH ALLIANCE,MA,3,0.9442333333333334,537,0
CAPE COD HOSPITAL,MA,2,1.08915,3728,3
"COOLEY DICKINSON HOSPITAL INC,THE",MA,2,1.0478333333333334,902,2
BAYSTATE FRANKLIN MEDICAL CENTER,MA,3,1.0249666666666668,665,2
UMASS MEMORIAL HEALTH - HARRINGTON HOSPITAL,MA,3,1.0860666666666667,683,2
SAINT ANNE'S HOSPITAL,MA,3,1.01994,1473,2
HOLYOKE MEDICAL CENTER,MA,4,1.0624333333333333,680,1
ANNA JAQUES HOSPITAL,MA,3,1.109275,1308,2
BAYSTATE WING HOSPITAL,MA,4,1.0468666666666666,871,1
BOSTON MEDICAL CENTER,MA,3,1.00195,819,1
NORTHEAST HOSPITAL CORPORATION,MA,3,1.01444,2852,3
NORTH SHORE MEDICAL CENTER -,MA,5,0.9916600000000001,2932,3
BOSTON MEDICAL CENTER-BRIGHTON,MA,3,1.0967500000000001,982,2
BERKSHIRE MEDICAL CENTER,MA,4,0.9923666666666667,1885,3
UMASS MEMORIAL HEALTHCARE-MARLBOROUGH HOSPITAL,MA,2,1.1023333333333334,589,2
SIGNATURE HEALTHCARE BROCKTON HOSPITAL,MA,3,1.0151666666666666,440,2
BETH ISRAEL DEACONESS HOSPITAL PLYMOUTH,MA,4,0.96828,2612,3
LOWELL GENERAL HOSPITAL,MA,2,1.0977999999999999,2312,2
BAYSTATE NOBLE HOSPITAL,MA,2,1.0264333333333333,542,2
MERCY MEDICAL CTR,MA,2,1.0796,823,2
MELROSEWAKEFIELD HEALTHCARE,MA,3,1.094375,1558,2
MASSACHUSETTS GENERAL HOSPITAL,MA,5,0.91942,4269,3
BROWN UNIVERSITY HEALTH MORTON HOSPITAL,MA,1,1.21675,1458,2
SOUTHCOAST HOSPITALS GROUP,MA,4,0.9505833333333333,5397,3
BAYSTATE MEDICAL CENTER,MA,2,1.1065666666666667,5167,3
HOLY FAMILY HOSPITAL,MA,2,1.15522,1526,2
BETH ISRAEL DEACONESS HOSPITAL - NEEDHAM,MA,5,1.0446666666666666,1349,1
EMERSON HOSPITAL -,MA,5,1.0221666666666667,846,1
BETH ISRAEL DEACONESS MEDICAL CENTER,MA,3,1.03714,2819,3
NEW ENGLAND BAPTIST HOSPITAL,MA,5,0.5939,2393,1
MILFORD REGIONAL MEDICAL CENTER,MA,4,1.1833,1940,2
HEYWOOD HOSPITAL -,MA,2,1.0492666666666668,617,2
SOUTH SHORE HOSPITAL,MA,2,1.1172250000000001,4608,3
NEWTON-WELLESLEY HOSPITAL,MA,5,0.9959,2559,3
WINCHESTER HOSPITAL,MA,3,1.2567,2029,2
BETH ISRAEL DEACONESS HOSPITAL - MILTON,MA,4,0.94915,2123,0
BRIGHAM AND WOMEN'S HOSPITAL,MA,5,0.9808833333333333,3637,3
GOOD SAMARITAN MEDICAL CENTER,MA,2,1.0529199999999999,2270,2
TUFTS MEDICAL CENTER,MA,2,1.09166,1111,2
BRIGHAM AND WOMEN FAULKNER HOSPITAL,MA,5,0.9428,1294,1
FALMOUTH HOSPITAL,MA,4,1.0420333333333334,1466,1
UMASS MEMORIAL MEDICAL CENTER/UNIVERSITY CAMPUS,MA,3,1.01776,3248,3
"LAHEY HOSPITAL & MEDICAL CENTER, BURLINGTON",MA,4,1.0293333333333334,3388,3
METROWEST MEDICAL CENTER,MA,1,1.072325,929,2
ST VINCENT HOSPITAL,MA,2,1.0269,1008,2
NANTUCKET COTTAGE HOSPITAL,MA,3,1.0423,116,2
ST JOE MERCY HOSPITAL SYSTEM LIVONIA,MI,2,1.07555,1638,2
PROMEDICA CHARLES AND VIRGINIA HICKMAN HOSPITAL,MI,3,0.94925,413,1
BRONSON METHODIST HOSPITAL,MI,4,0.9549,1326,1
"ASCENSION PROVIDENCE HOSPITAL, SOUTHFIELD AND NOVI",MI,4,0.96665,1797,1
BEAUMONT HOSPITAL - DEARBORN,MI,2,1.086675,1561,2
"LAKELAND HOSPITAL, ST JOSEPH",MI,4,0.9614750000000001,1154,1
INSIGHT HOSPITAL AND MEDICAL CENTER COLDWATER,MI,2,1.04365,273,0
SINAI-GRACE HOSPITAL,MI,1,1.02615,452,2
TRINITY HEALTH OAKLAND HOSPITAL,MI,2,1.03554,1650,2
MYMICHIGAN MEDICAL CENTER ALMA,MI,4,1.0211333333333334,386,1
LAKE HURON MEDICAL CENTER,MI,4,1.0066,284,1
SPECTRUM HEALTH UNITED HOSPITAL,MI,4,1.0257333333333334,313,1
MYMICHIGAN MEDICAL CENTER ALPENA,MI,3,0.9625,413,1
HILLSDALE HOSPITAL,MI,3,1.0186,53,2
SPECTRUM HEALTH,MI,4,0.88344,2358,3
MCLAREN BAY REGION,MI,1,1.1384,1621,2
UNIVERSITY OF MICHIGAN HEALTH SYSTEM,MI,4,1.01345,1588,1
HENRY FORD MACOMB HOSPITAL,MI,3,0.9655750000000001,2253,3
HENRY FORD HEALTH HOSPITAL,MI,3,1.0431,1186,2
UPHS MARQUETTE DLP HOSPITAL,MI,3,0.9258500000000001,698,0
DICKINSON COUNTY MEMORIAL HOSPITAL,MI,2,0.98895,238,0
MUNSON HEALTHCARE GRAYLING HOSPITAL,MI,3,0.9398,127,1
MERCY HEALTH SAINT MARY'S,MI,3,1.012425,559,2
TRINITY HEALTH MUSKEGON HOSPITAL,MI,3,0.86495,1055,1
TRINITY HEALTH LIVINGSTON HOSPITAL,MI,4,0.9226000000000001,553,1
COVENANT MEDICAL CENTER,MI,2,1.070925,1608,2
HOLLAND COMMUNITY HOSPITAL,MI,5,0.9772,189,1
BRONSON BATTLE CREEK HOSPITAL,MI,3,1.0323,625,2
MYMICHIGAN MEDICAL CENTER SAGINAW,MI,3,0.976675,534,1
MCLAREN CENTRAL MICHIGAN,MI,3,1.0503,169,2
MUNSON HEALTHCARE CADILLAC HOSPITAL,MI,4,0.96605,239,1
BEAUMONT HOSPITAL - GROSSE POINTE,MI,4,1.0315333333333334,897,1
HENRY FORD ALLEGIANCE HEALTH,MI,3,1.0209199999999998,1826,3
COREWELL HEALTH BIG RAPIDS HOSPITAL,MI,3,1.0176666666666667,258,2
MYMICHIGAN MEDICAL CENTER WEST BRANCH,MI,5,1.0092,305,0
MUNSON MEDICAL CENTER,MI,4,0.9348000000000001,1849,1
PROMEDICA MONROE REGIONAL HOSPITAL,MI,1,1.1006,538,2
TAWAS ST JOSEPH HOSPITAL,MI,3,1.0485,83,0
HARPER UNIVERSITY HOSPITAL,MI,1,0.988475,369,2
MCLAREN NORTHERN MICHIGAN,MI,3,0.949075,1040,1
COREWELL HEALTH LUDINGTON HOSPITAL,MI,4,0.96265,210,1
BORGESS MEDICAL CENTER,MI,3,0.8887666666666667,825,1
MEMORIAL HEALTHCARE,MI,3,1.01125,366,2
BEAUMONT HOSPITAL ROYAL OAK,MI,3,1.0087166666666667,3563,3
HURLEY MEDICAL CENTER,MI,2,0.9815333333333333,483,2
MUNSON HEALTHCARE OTSEGO MEMORIAL HOSPITAL,MI,4,1.0724,195,2
MCLAREN FLINT,MI,2,1.0623999999999998,1477,2
COREWELL HEALTH WAYNE HOSPITAL,MI,2,1.03575,435,2
WYANDOTTE HOSPITAL AND MEDICAL CENTER,MI,2,1.0655999999999999,1369,2
BEAUMONT HOSPITAL - FARMINGTON HILLS,MI,3,1.013625,1066,2
TRINITY HEALTH ANN ARBOR HOSPITAL,MI,4,1.01248,3323,3
HENRY FORD HEALTH ST JOHN HOSPITAL,MI,1,1.0334,1008,2
MCLAREN GREATER LANSING,MI,3,1.0342,486,2
COREWELL HEALTH TRENTON HOSPITAL,MI,3,1.064025,1120,2
MYMICHIGAN MEDICAL CENTER CLARE,MI,2,1.0324,147,2
MCLAREN LAPEER REGION,MI,2,1.0032333333333334,527,2
Henry Ford Health Warren Hospital,MI,1,1.04705,1699,2
ASCENSION GENESYS HOSPITAL,MI,3,0.9820249999999999,1173,1
MCLAREN OAKLAND,MI,2,0.99665,149,2
MCLAREN PORT HURON,MI,2,1.004575,1196,2
OAKLAWN HOSPITAL,MI,4,1.0121,83,1
MYMICHIGAN MEDICAL CENTER MIDLAND,MI,4,0.97455,1364,1
MCLAREN MACOMB,MI,1,1.025375,1082,2
EDWARD W SPARROW HOSPITAL,MI,3,0.9139999999999999,1427,1
UNIVERSITY OF MICHIGAN HEALTH - WEST,MI,4,0.9191,130,1
CHIPPEWA COUNTY WAR MEMORIAL HOSPITAL,MI,2,1.0817,133,2
GARDEN CITY HOSPITAL,MI,2,1.073375,541,2
ASCENSION PROVIDENCE ROCHESTER HOSPITAL,MI,3,0.99325,810,1
CHELSEA HOSPITAL,MI,4,0.9846333333333334,603,1
"BEAUMONT HOSPITAL, TROY",MI,4,1.0820750000000001,3543,3
BEAUMONT HOSPITAL - TAYLOR,MI,2,1.0117,415,2
DETROIT RECEIVING HOSPITAL,MI,1,1.0361666666666667,315,2
HURON VALLEY-SINAI HOSPITAL,MI,3,1.05278,718,2
HENRY FORD HEALTH WEST BLOOMFIELD HOSPITAL,MI,3,1.0965,1335,2
NORTH MEMORIAL HEALTH HOSPITAL,MN,1,1.1,930,2
ESSENTIA HEALTH ST MARY'S MEDICAL CENTER,MN,4,0.9674333333333335,678,1
HENNEPIN COUNTY MEDICAL CENTER,MN,3,1.0006,224,0
MAYO CLINIC HOSPITAL ROCHESTER,MN,5,0.89265,4003,3
MAYO CLINIC HEALTH SYSTEM IN RED WING,MN,4,1.0007,59,1
CAMBRIDGE MEDICAL CENTER,MN,4,0.9941,164,1
ALOMERE HEALTH,MN,4,0.97125,218,0
ST CLOUD HOSPITAL,MN,4,0.94296,1680,1
ALLINA UNITED HOSPITAL,MN,3,1.04644,1545,2
MAYO CLINIC HEALTH SYSTEM - ALBERT LEA AND AUSTIN,MN,5,0.93185,503,1
ST LUKES HOSPITAL,MN,3,0.9886666666666667,513,1
FAIRVIEW LAKES HEALTH SERVICES,MN,3,1.0252333333333332,220,2
LAKE REGION HEALTHCARE CORPORATION,MN,4,0.963,116,1
PARK NICOLLET METHODIST HOSPITAL,MN,3,1.09754,1772,2
RIDGEVIEW MEDICAL CENTER,MN,4,0.9838666666666667,807,1
ABBOTT NORTHWESTERN HOSPITAL,MN,4,0.97235,1697,1
GRAND ITASCA CLINIC AND HOSPITAL,MN,4,1.0075,77,1
LAKEVIEW MEMORIAL HOSPITAL,MN,4,0.9876499999999999,249,1
OWATONNA HOSPITAL,MN,5,0.9916,67,1
ESSENTIA HEALTH ST JOSEPH'S MEDICAL CENTER,MN,3,1.0114333333333334,385,2
BUFFALO HOSPITAL,MN,5,0.9547,97,1
M HEALTH FAIRVIEW SOUTHDALE HOSPITAL,MN,5,0.920075,1285,1
M HEALTH FAIRVIEW UNIVERSITY OF MN MEDICAL CENTER,MN,4,0.9483999999999999,419,1
CENTRACARE- RICE MEMORIAL HOSPITAL,MN,3,1.00545,191,0
MAYO CLINIC HEALTH SYSTEM - MANKATO,MN,5,0.8797333333333333,808,1
SANFORD BEMIDJI MEDICAL CENTER,MN,4,0.9424999999999999,538,1
ESSENTIA HEALTH ST MARYS - DETROIT LAKES,MN,4,1.0001,93,1
ST FRANCIS REGIONAL MEDICAL CENTER,MN,3,1.0071999999999999,306,2
REGIONS HOSPITAL,MN,3,0.98856,999,1
MERCY HOSPITAL,MN,3,0.97116,2055,3
FAIRVIEW NORTHLAND REGIONAL HOSPITAL,MN,4,1.0159,50,1
MAYO CLINIC HEALTH SYSTEM - FAIRMONT,MN,5,0.94195,201,1
M HEALTH FAIRVIEW RIDGES HOSPITAL,MN,4,0.962325,882,1
M HEALTH FAIRVIEW ST JOHN'S HOSPITAL,MN,5,0.9763,715,1
M HEALTH FAIRVIEW WOODWINDS HOSPITAL,MN,4,1.01665,342,1
MAPLE GROVE HOSPITAL,MN,5,0.9558,301,1
UNIVERSITY OF MISSISSIPPI MED CENTER,MS,2,1.0453199999999998,746,0
TISHOMINGO HEALTH SERVICES INC,MS,2,0.97565,180,2
NORTH MISSISSIPPI MEDICAL CENTER,MS,2,0.9627800000000001,2564,3
BAPTIST MEMORIAL HOSPITAL UNION COUNTY,MS,4,0.99505,354,1
Memorial Hospital Biloxi,MS,1,1.0827,144,2
MAGNOLIA REGIONAL HEALTH CENTER,MS,2,1.04914,1415,2
MEMORIAL HOSPITAL AT GULFPORT,MS,3,1.0233249999999998,1931,0
WEBSTER GENERAL HOSPITAL/ SWING BED,MS,4,0.99705,225,1
NORTH MISSISSIPPI MEDICAL CENTER-GILMORE AMORY,MS,3,1.05105,231,2
MERIT HEALTH RIVER REGION,MS,2,1.0265333333333333,612,2
BAPTIST MEMORIAL HOSPITAL NORTH MS,MS,4,1.0496750000000001,2066,3
MERIT HEALTH MADISON,MS,3,1.0575999999999999,107,2
SINGING RIVER HEALTH SYSTEM,MS,1,1.05668,1528,0
NESHOBA COUNTY GENERAL HOSPITAL,MS,3,0.9583,120,0
BAPTIST MEMORIAL HOSPITAL BOONEVILLE,MS,3,0.9541,111,1
ST DOMINIC-JACKSON MEMORIAL HOSPITAL,MS,2,1.0102600000000002,2326,3
BAPTIST MEMORIAL HOSPITAL-OKTIBBEHA COUNTY,MS,2,1.02125,178,0
KING'S DAUGHTERS MEDICAL CENTER-BROOKHAVEN,MS,3,0.9539500000000001,214,1
SOUTH CENTRAL REG MED CTR,MS,1,1.1172499999999999,731,0
CLAY COUNTY MEDICAL CORPORATION,MS,3,0.9999,83,1
OCHSNER RUSH HOSPITAL,MS,3,0.986775,485,1
MERIT HEALTH CENTRAL,MS,3,1.0341,57,2
WAYNE GENERAL HOSPITAL,MS,3,1.0202,161,0
FORREST GENERAL HOSPITAL,MS,2,1.0356833333333333,2590,0
DELTA HEALTH SYSTEM - THE MEDICAL CENTER,MS,1,1.0566,411,0
MERIT HEALTH NATCHEZ,MS,2,1.0304,245,2
MARION GENERAL HOSPITAL,MS,1,1.0012,79,0
BOLIVAR MEDICAL CENTER,MS,1,1.0216,407,2
MERIT HEALTH WESLEY,MS,2,1.0130333333333332,459,2
CROSSGATES RIVER OAKS HOSPITAL,MS,2,1.0413000000000001,105,2
SOUTHWEST MS REGIONAL MEDICAL CENTER,MS,2,1.0480749999999999,602,0
GREENWOOD LEFLORE HOSPITAL,MS,1,0.9939,59,0
BMH-GOLDEN TRIANGLE,MS,3,0.96085,1201,1
MISSISSIPPI BAPTIST MEDICAL CENTER,MS,2,1.035025,2050,2
ANDERSON REGIONAL MEDICAL CENTER,MS,2,1.01365,1140,2
HIGHLAND COMMUNITY  HOSPITAL,MS,1,1.06555,166,0
SINGING RIVER GULFPORT,MS,2,1.0543,228,2
MAGEE GENERAL HOSPITAL,MS,2,1.0106,79,2
MERIT HEALTH RIVER OAKS,MS,1,1.0457666666666667,307,2
BAPTIST MEMORIAL HOSPITAL DESOTO,MS,3,1.0297,1715,2
OCHSNER MEDICAL CENTER-HANCOCK,MS,3,1.0695,31,0
METHODIST HEALTHCARE - OLIVE BRANCH HOSPITAL,MS,4,0.9926999999999999,470,1
UNIVERSITY OF MISSISSIPPI MEDICAL CENTER- GRENADA,MS,1,1.0516999999999999,241,0
MERCY HOSPITAL JOPLIN,MO,1,1.00845,1104,2
SSM ST JOSEPH HEALTH CENTER,MO,3,1.0531333333333333,589,2
MOSAIC LIFE CARE AT ST JOSEPH,MO,4,0.97082,2623,3
BOTHWELL REGIONAL HEALTH CENTER,MO,4,1.0046666666666668,566,0
SSM HEALTH ST. MARY'S HOSPITAL - JEFFERSON CITY,MO,3,1.0531,549,2
PHELPS COUNTY REGIONAL MEDICAL CENTER,MO,2,1.067825,869,0
MERCY HOSPITAL ST LOUIS,MO,4,1.1158333333333335,2278,3
NORTHEAST REGIONAL MEDICAL CENTER,MO,2,0.97515,218,2
MERCY HOSPITAL JEFFERSON,MO,4,1.028625,902,1
HANNIBAL REGIONAL HOSPITAL,MO,2,1.1130333333333333,1008,2
RESEARCH MEDICAL CENTER,MO,2,1.0120666666666667,415,2
BARNES JEWISH HOSPITAL,MO,4,1.0077,1668,1
COX MEDICAL CENTERS,MO,3,0.9690799999999999,1862,3
MERCY HOSPITAL WASHINGTON,MO,4,0.95875,493,1
CAMERON REGIONAL MEDICAL CENTER,MO,1,0.9572,162,2
SAINT LUKES NORTH HOSPITAL,MO,5,0.9486,643,1
MERCY HOSPITAL SPRINGFIELD,MO,3,1.01214,2055,3
BOONE HOSPITAL CENTER,MO,4,0.97956,1826,3
MOBERLY REGIONAL MEDICAL CENTER,MO,2,1.0421,108,2
MERCY HOSPITAL SOUTH,MO,2,1.0955,1897,2
OZARKS HEALTHCARE,MO,2,0.9696,578,2
SSM ST CLARE HEALTH CENTER,MO,4,1.010175,931,1
ST JOSEPH MEDICAL CENTER,MO,3,1.0088,498,2
SSM HEALTH ST MARY'S HOSPITAL - ST LOUIS,MO,3,1.03885,613,2
COX MEDICAL CENTER BRANSON,MO,4,0.9430499999999999,682,1
CENTERPOINT MEDICAL CENTER,MO,3,1.0259,990,2
NKC HEALTH,MO,4,0.98436,2328,0
WESTERN MISSOURI MEDICAL CENTER,MO,4,1.03335,243,0
SSM HEALTH DEPAUL HOSPITAL ST LOUIS,MO,4,0.9491333333333333,749,1
SSM HEALTH SAINT LOUIS UNIVERSITY HOSPITAL,MO,1,1.0846,306,2
MISSOURI BAPTIST MEDICAL CENTER,MO,5,1.0148199999999998,2191,3
MERCY HOSPITAL SOUTHEAST,MO,2,1.0321500000000001,874,2
MISSOURI DELTA MEDICAL CENTER,MO,2,0.9924,382,2
POPLAR BLUFF REGIONAL MEDICAL CENTER,MO,2,0.9972500000000001,1181,2
FREEMAN HEALTH SYSTEM - FREEMAN WEST,MO,2,0.9717250000000001,1344,2
ST LUKES HOSPITAL OF KANSAS CITY,MO,5,0.9511,1326,1
UNIVERSITY OF MISSOURI HEALTH CARE,MO,3,1.0088249999999999,1219,0
FITZGIBBON HOSPITAL,MO,2,1.0242499999999999,169,2
BARNES-JEWISH WEST COUNTY HOSPITAL,MO,5,1.0502,116,1
PARKLAND HEALTH CENTER,MO,4,0.9787333333333333,590,1
GOLDEN VALLEY MEMORIAL HOSPITAL,MO,3,0.9959,213,0
ST LUKES DES PERES HOSPITAL,MO,3,1.06495,231,2
LIBERTY HOSPITAL,MO,2,1.020075,995,2
ST LUKES HOSPITAL,MO,4,1.0375833333333333,2468,3
CHRISTIAN HOSPITAL NORTHEAST,MO,4,0.99088,978,1
SAINT FRANCIS MEDICAL CENTER,MO,3,0.939825,1002,1
LAKE REGIONAL HEALTH SYSTEM,MO,3,0.98105,794,1
LEE'S SUMMIT MEDICAL CENTER,MO,3,1.03035,313,2
BARNES-JEWISH ST PETERS HOSPITAL,MO,3,1.0010000000000001,695,1
ST MARY'S MEDICAL CENTER,MO,3,1.0657,381,2
CITIZENS MEMORIAL HOSPITAL,MO,3,1.0579,72,0
SSM ST JOSEPH HOSPITAL WEST,MO,3,0.957,983,1
BELTON REGIONAL MEDICAL CENTER,MO,2,1.0455,238,2
SAINT LUKE'S EAST  HOSPITAL,MO,4,0.952875,1741,1
PROGRESS WEST HOSPITAL,MO,4,0.94775,304,1
ST PETERS HEALTH,MT,3,0.957,619,1
BILLINGS CLINIC,MT,4,0.9553999999999998,1791,1
BENEFIS HOSPITALS INC,MT,2,0.93875,858,1
ST. PATRICK HOSPITAL,MT,5,0.956725,1172,1
ST JAMES HOSPITAL,MT,2,0.9962,269,2
COMMUNITY MEDICAL CENTER,MT,3,0.99975,183,1
INTERMOUNTAIN HEALTH ST VINCENT REGIONAL HOSPITAL,MT,4,0.90428,1292,1
LOGAN HEALTH MEDICAL CENTER,MT,3,0.8955666666666667,814,1
BOZEMAN HEALTH DEACONESS HOSPITAL,MT,4,0.9585666666666667,545,1
GREAT FALLS CLINIC HOSPITAL,MT,2,0.9813,88,2
BRYAN MEDICAL CENTER,NE,3,0.92344,2790,3
CHI HEALTH GOOD SAMARITAN,NE,4,1.03945,258,1
THE NEBRASKA MEDICAL CENTER,NE,4,0.9771599999999999,1240,1
CHI HEALTH ST. ELIZABETH,NE,4,1.00855,269,1
CHI HEALTH ST. FRANCIS,NE,4,1.00925,301,1
MARY LANNING HEALTHCARE,NE,2,0.9742,135,2
THE NEBRASKA METHODIST HOSPITAL,NE,4,0.9630166666666667,2177,3
CHI HEALTH BERGAN MERCY,NE,4,0.9185666666666666,755,1
REGIONAL WEST MEDICAL CENTER,NE,2,1.0297,543,2
GREAT PLAINS HEALTH,NE,3,1.0486666666666666,668,2
METHODIST FREMONT HEALTH,NE,2,1.0176,377,2
CHI HEALTH IMMANUEL,NE,3,1.0302,234,2
"COLUMBUS COMMUNITY HOSPITAL, INC",NE,3,1.0233,71,2
FAITH REGIONAL HEALTH SERVICES,NE,3,0.9583666666666666,555,1
CHI HEALTH NEBRASKA HEART,NE,4,0.9327666666666667,590,1
CHI HEALTH LAKESIDE,NE,4,0.9372666666666666,571,1
BELLEVUE MEDICAL CENTER,NE,4,1.0426600000000001,936,1
KEARNEY REGIONAL MEDICAL CENTER,NE,4,0.9500500000000001,352,1
GRAND ISLAND REGIONAL MEDICAL CENTER,NE,2,1.0561500000000001,137,2
RENOWN REGIONAL MEDICAL CENTER,NV,3,0.95285,2083,3
SUNRISE HOSPITAL AND MEDICAL CENTER,NV,2,1.031725,1288,2
NORTH VISTA HOSPITAL,NV,3,1.0613333333333335,254,2
UNIVERSITY MEDICAL CENTER,NV,2,1.0656666666666668,429,2
NORTHEASTERN NEVADA REGIONAL HOSPITAL,NV,3,0.9604,189,1
SAINT MARY'S REGIONAL MEDICAL CENTER,NV,4,1.001525,962,1
CARSON TAHOE REGIONAL MEDICAL CENTER,NV,2,0.943575,1668,1
VALLEY HOSPITAL MEDICAL CENTER,NV,2,1.0113,521,2
NORTHERN NEVADA MEDICAL CENTER,NV,3,0.9838,356,1
MOUNTAINVIEW HOSPITAL,NV,4,1.0435599999999998,2291,3
SUMMERLIN HOSPITAL MEDICAL CENTER,NV,3,1.0767,1064,2
SAINT ROSE DOMINICAN HOSPITALS - SIENA CAMPUS,NV,3,1.018875,1803,3
SPRING VALLEY HOSPITAL MEDICAL CENTER,NV,3,1.0404,793,2
SOUTHERN HILLS HOSPITAL AND MEDICAL CENTER,NV,4,1.0183666666666666,802,1
RENOWN SOUTH MEADOWS MEDICAL CENTER,NV,3,0.9750000000000001,412,1
SAINT ROSE DOMINICAN HOSPITALS - SAN MARTIN CAMPUS,NV,4,1.0744,529,2
CENTENNIAL HILLS HOSPITAL MEDICAL CENTER,NV,2,1.0334,830,2
HENDERSON HOSPITAL,NV,2,1.06935,1039,2
CONCORD HOSPITAL,NH,3,1.0079,1479,2
MARY HITCHCOCK MEMORIAL HOSPITAL,NH,3,0.9321999999999999,1915,3
CONCORD HOSPITAL- LACONIA,NH,3,0.9851666666666667,668,1
ST JOSEPH HOSPITAL,NH,4,0.9698249999999999,900,1
ELLIOT HOSPITAL,NH,2,0.98735,1247,2
FRISBIE MEMORIAL HOSPITAL,NH,3,1.0202499999999999,178,2
PARKLAND MEDICAL CENTER,NH,4,1.018525,758,1
WENTWORTH-DOUGLASS HOSPITAL,NH,4,0.998775,1352,1
CHESHIRE MEDICAL CENTER,NH,4,0.9551499999999999,559,1
SOUTHERN NH MEDICAL CENTER,NH,2,0.991325,999,2
EXETER HOSPITAL INC,NH,4,0.9792666666666666,855,1
PORTSMOUTH REGIONAL HOSPITAL,NH,3,1.0267199999999999,1185,2
CATHOLIC MEDICAL CENTER,NH,4,1.00524,2217,3
HACKENSACK UNIVERSITY MEDICAL CENTER,NJ,5,0.93876,3167,3
NEWARK BETH ISRAEL MEDICAL CENTER,NJ,2,1.0679333333333334,393,2
PALISADES MEDICAL CENTER,NJ,2,1.0557,594,2
HUNTERDON MEDICAL CENTER,NJ,4,1.04092,1401,1
ST MARY'S GENERAL HOSPITAL,NJ,3,1.0937999999999999,364,2
HOLY NAME MEDICAL CENTER,NJ,5,0.980875,1395,1
CLARA MAASS MEDICAL CENTER,NJ,3,0.9931749999999999,805,1
UNIVERSITY MEDICAL CENTER OF PRINCETON AT PLAINSBORO,NJ,4,1.1067399999999998,1496,2
CAPE REGIONAL MEDICAL CENTER INC,NJ,3,1.0411333333333335,1136,2
VALLEY HOSPITAL,NJ,4,0.9369,2702,3
COOPER UNIVERSITY HOSPITAL,NJ,2,1.04524,1575,2
MORRISTOWN MEDICAL CENTER,NJ,5,0.85405,5202,3
HEIGHTS UNIVERSITY HOSPITAL,NJ,2,1.02855,133,2
CHILTON MEDICAL CENTER,NJ,5,0.8792333333333332,1232,1
ST JOSEPH'S UNIVERSITY MEDICAL CENTER INC,NJ,3,1.0734750000000002,1353,2
WEST JERSEY HOSPITAL,NJ,3,1.108875,3190,3
ROBERT WOOD JOHNSON UNIVERSITY HOSPITAL AT RAHWAY,NJ,4,1.0401333333333334,572,1
CAREPOINT HEALTH - BAYONNE MEDICAL CENTER,NJ,1,1.0594999999999999,553,2
TRINITAS REGIONAL MEDICAL CENTER,NJ,3,1.0578666666666667,352,2
NEWTON MEDICAL CENTER,NJ,4,0.95305,1388,1
VIRTUA OUR LADY OF LOURDES HOSPITAL,NJ,2,1.01352,1313,0
DEBORAH HEART AND LUNG CENTER,NJ,3,1.044975,880,2
INSPIRA MEDICAL CENTER VINELAND,NJ,3,1.0916,1588,2
RIVERVIEW MEDICAL CENTER,NJ,3,1.03034,1664,2
ROBERT WOOD JOHNSON UNIVERSITY HOSPITAL,NJ,2,1.11396,2715,2
RARITAN BAY MEDICAL CENTER,NJ,4,1.0428666666666666,1150,1
CAREPOINT HEALTH-HOBOKEN UNIVERSITY MEDICAL CENTER,NJ,1,1.0667,142,2
COMMUNITY MEDICAL CENTER,NJ,1,1.11216,3920,3
CAPITAL HEALTH MEDICAL CENTER - HOPEWELL,NJ,2,1.0470666666666668,769,2
ENGLEWOOD HOSPITAL AND MEDICAL CENTER,NJ,4,1.03092,1968,3
SHORE MEDICAL CENTER,NJ,3,1.0143333333333333,1039,2
ROBERT WOOD JOHNSON UNIVERSITY HOSPITAL - SOMERSET,NJ,3,1.078075,1724,2
SAINT CLARE'S HOSPITAL/ DENVILLE CAMPUS,NJ,2,1.080375,1303,2
OVERLOOK MEDICAL CENTER,NJ,5,0.915175,1968,1
OCEAN MEDICAL CENTER,NJ,4,0.97885,2785,3
HACKENSACK MERIDIAN MOUNTAINSIDE MEDICAL,NJ,4,1.0171999999999999,1083,1
VIRTUA MOUNT HOLLY HOSPITAL,NJ,3,1.0067000000000002,1147,1
ST LUKE'S WARREN HOSPITAL,NJ,5,1.079,742,1
VIRTUA WILLINGBORO HOSPITAL,NJ,3,1.0425,390,2
ATLANTICARE REGIONAL MEDICAL CENTER - CITY CAMPUS,NJ,4,0.9818999999999999,2587,3
INSPIRA MEDICAL CENTER MULLICA HILL,NJ,3,1.058775,1766,2
SAINT PETER'S UNIVERSITY HOSPITAL,NJ,3,1.0379333333333334,842,2
JERSEY SHORE UNIVERSITY MEDICAL CENTER,NJ,4,1.0043833333333334,4380,3
JERSEY CITY MEDICAL CENTER,NJ,3,1.05365,518,2
MONMOUTH MEDICAL CENTER,NJ,3,1.0268333333333335,596,2
COOPERMAN BARNABAS MEDICAL CENTER,NJ,3,1.04238,1881,2
CAREWELL HEALTH MEDICAL CENTER,NJ,1,1.1467,113,2
MONMOUTH MEDICAL CENTER-SOUTHERN CAMPUS,NJ,3,1.1016333333333332,808,2
JEFFERSON STRATFORD HOSPITAL,NJ,2,1.14055,2503,2
CAPITAL HEALTH REGIONAL MEDICAL CENTER,NJ,2,1.0047333333333335,345,2
SAINT MICHAEL'S MEDICAL CENTER,NJ,4,1.0340500000000001,218,1
JFK UNIVERSITY MEDICAL CENTER,NJ,3,1.0102,2070,3
ROBERT WOOD JOHNSON UNIVERSITY HOSPITAL AT HAMILTON,NJ,4,1.0593,984,1
CENTRASTATE MEDICAL CENTER,NJ,4,1.063875,1913,3
BAYSHORE MEDICAL CENTER,NJ,4,1.0047,1320,1
SOUTHERN OCEAN MEDICAL CENTER,NJ,4,1.0231666666666666,1406,1
AHS HOSPITAL CORP,NJ,4,1.0069000000000001,735,1
HUDSON REGIONAL HOSPITAL,NJ,2,1.081,134,2
THE UNIVERSITY HOSPITAL,NJ,1,1.0216,113,0
HACKENSACK MERIDIAN HEALTH PASCACK VALLEY MEDICAL,NJ,5,0.9634,477,1
UNM HOSPITAL,NM,2,0.9801333333333334,411,0
CHRISTUS ST VINCENT REGIONAL MEDICAL CENTER,NM,4,0.8666,1096,1
CHRISTUS SOUTHERN NEW MEXICO,NM,3,0.96935,660,1
SAN JUAN REGIONAL MEDICAL CENTER INC,NM,2,0.96705,972,2
EASTERN NEW MEXICO MEDICAL CENTER,NM,1,1.028,567,2
LOVELACE MEDICAL CENTER,NM,2,0.9808250000000001,1249,2
MEMORIAL MEDICAL CENTER,NM,2,1.0271,518,2
PRESBYTERIAN HOSPITAL,NM,2,0.911575,2165,3
PLAINS REGIONAL MEDICAL CENTER,NM,2,0.9804,178,2
CARLSBAD MEDICAL CENTER,NM,1,1.0003333333333333,288,2
MOUNTAIN VIEW REGIONAL MEDICAL CENTER,NM,2,1.0529,689,2
THREE CROSSES REGIONAL HOSPITAL LLC,NM,3,1.0697,181,2
KALEIDA HEALTH,NY,3,1.01454,2074,3
ST JOSEPH'S MEDICAL CENTER,NY,1,1.0294,93,2
BRONXCARE HOSPITAL CENTER,NY,1,1.0893,281,2
"OUR LADY OF LOURDES MEMORIAL HOSPITAL, INC",NY,3,1.0321,570,2
ALBANY MEDICAL CENTER HOSPITAL,NY,1,0.94575,1271,2
JAMAICA HOSPITAL MEDICAL CENTER,NY,1,1.05795,487,2
"NEW YORK COMMUNITY HOSPITAL OF BROOKLYN, INC.",NY,1,1.1778,992,2
VASSAR BROTHERS MEDICAL CENTER,NY,3,1.04948,2939,3
MOUNT SINAI HOSPITAL,NY,4,1.003475,1978,3
NASSAU UNIVERSITY MEDICAL CENTER,NY,1,1.0907333333333333,321,2
RICHMOND UNIVERSITY MEDICAL CENTER,NY,1,1.0759666666666667,510,2
NEWARK-WAYNE COMMUNITY HOSPITAL,NY,2,1.0920666666666667,297,2
CHENANGO MEMORIAL HOSPITAL,NY,2,1.006,92,2
NS/LIJ HS SOUTHSIDE HOSPITAL,NY,3,0.9896166666666666,2308,3
WYNN HOSPITAL,NY,1,1.0278666666666667,897,2
NS/LIJ HS HUNTINGTON HOSPITAL,NY,5,0.9734,3276,3
MOUNT SINAI WEST,NY,4,1.0787,1621,2
ST MARY'S HEALTHCARE,NY,3,1.0064333333333335,433,1
NORTHERN DUTCHESS HOSPITAL,NY,4,0.9599666666666667,711,1
NEW YORK-PRESBYTERIAN/QUEENS,NY,5,0.93864,2087,3
BROOKLYN HOSPITAL CENTER - DOWNTOWN CAMPUS,NY,2,1.0533000000000001,369,2
ST PETER'S HOSPITAL,NY,2,1.06645,2414,2
GENEVA GENERAL HOSPITAL,NY,2,1.0512,329,2
MONTEFIORE MEDICAL CENTER,NY,3,1.0363499999999999,2806,3
NIAGARA FALLS MEMORIAL MEDICAL CENTER,NY,1,1.0401,54,2
UNITED MEMORIAL MEDICAL CENTER,NY,2,1.0491333333333335,293,2
F F THOMPSON HOSPITAL,NY,2,1.094,295,2
SISTERS OF CHARITY HOSPITAL,NY,3,1.0572499999999998,236,2
ADIRONDACK MEDICAL CENTER - SARANAC LAKE,NY,4,1.0194,75,1
LINCOLN MEDICAL & MENTAL HEALTH CENTER,NY,2,0.9848,65,0
AURELIA OSBORN FOX MEMORIAL HOSPITAL,NY,3,1.03165,254,2
ARNOT OGDEN MEDICAL CENTER,NY,2,1.0098,727,2
COLUMBIA MEMORIAL HOSPITAL,NY,1,0.9987333333333334,404,2
JONES MEMORIAL HOSPITAL,NY,4,0.9957,83,1
NEW YORK-PRESBYTERIAN HOSPITAL,NY,5,0.90505,7865,3
KENMORE MERCY HOSPITAL,NY,3,1.0421666666666667,339,2
OLEAN GENERAL HOSPITAL,NY,1,1.02415,811,2
NYACK HOSPITAL,NY,2,1.0805399999999998,1456,2
NORTH SHORE UNIVERSITY HOSPITAL,NY,5,0.98585,4856,3
PECONIC BAY MEDICAL CENTER,NY,2,0.9929600000000001,2536,3
ONEIDA HEALTH HOSPITAL,NY,2,1.06415,204,2
LENOX HILL HOSPITAL,NY,5,0.9675800000000001,1337,1
ROCHESTER GENERAL HOSPITAL,NY,2,1.06344,993,2
GARNET HEALTH MEDICAL CENTER,NY,4,1.038675,2681,3
JACOBI MEDICAL CENTER,NY,2,1.0394999999999999,374,0
ELMHURST HOSPITAL CENTER,NY,2,0.9682999999999999,298,0
BON SECOURS COMMUNITY HOSPITAL,NY,2,1.0320333333333334,408,2
BASSETT HEALTHCARE,NY,2,0.962725,853,2
ST JOSEPH'S HOSPITAL HEALTH CENTER,NY,2,1.07935,2506,2
LONG ISLAND COMMUNITY HOSPITAL,NY,4,0.9925333333333333,1425,1
ST JAMES HOSPITAL,NY,3,1.026,120,2
ELLIS HOSPITAL,NY,3,1.0114,1107,2
SAMARITAN MEDICAL CENTER,NY,2,1.0179333333333334,527,2
GOOD SAMARITAN HOSPITAL OF SUFFERN,NY,3,1.089325,1795,2
STATEN ISLAND UNIVERSITY HOSPITAL,NY,3,1.02145,2545,3
NORTHERN WESTCHESTER HOSPITAL,NY,5,1.009325,891,1
HIGHLAND HOSPITAL,NY,3,1.0273333333333332,643,2
MOUNT SINAI BETH ISRAEL,NY,3,1.0604,1376,2
GUTHRIE CORTLAND REGIONAL MEDICAL CENTER,NY,3,1.0493999999999999,441,2
"SAMARITAN HOSPITAL OF TROY, NEW YORK",NY,3,0.9387,874,1
NORTHWELL HOSPITAL GLEN COVE,NY,5,0.8629,395,1
ST FRANCIS HOSPITAL - THE HEART CENTER,NY,5,0.9459333333333334,5547,3
MONTEFIORE NEW ROCHELLE HOSPITAL,NY,1,1.031825,714,2
JOHN T MATHER MEMORIAL HOSPITAL  OF PORT JEFFERSON,NY,5,0.939575,1657,1
MOUNT ST. MARY'S HOSPITAL & HEALTH CENTER,NY,2,1.0542666666666667,294,2
GLENS FALLS HOSPITAL,NY,3,0.973425,951,1
FLUSHING HOSPITAL MEDICAL CENTER,NY,2,0.9946999999999999,453,2
MAIMONIDES MEDICAL CENTER,NY,2,1.12845,2776,2
LONG ISLAND JEWISH MEDICAL CENTER,NY,4,1.02386,3189,3
SOUTH BROOKLYN HEALTH,NY,2,1.10785,1285,2
CANTON-POTSDAM HOSPITAL,NY,2,1.0139333333333334,489,2
MOUNT SINAI SOUTH NASSAU,NY,3,1.0359,2377,3
KINGS COUNTY HOSPITAL CENTER,NY,1,0.97815,212,0
CROUSE HOSPITAL,NY,2,1.059425,1239,2
BELLEVUE HOSPITAL CENTER,NY,2,1.0603,112,0
ST ANTHONY COMMUNITY HOSPITAL,NY,4,0.9357500000000001,280,1
ST JOHN'S RIVERSIDE HOSPITAL,NY,3,1.0478333333333334,830,2
NYU LANGONE HOSPITALS,NY,5,0.8559833333333332,11138,3
"ROME MEMORIAL HOSPITAL, INC",NY,2,1.0207,301,2
OSWEGO HOSPITAL,NY,3,1.0424,409,2
ERIE COUNTY MEDICAL CENTER,NY,2,1.0224333333333335,292,2
WYCKOFF HEIGHTS MEDICAL CENTER,NY,2,1.0006,243,2
SARATOGA HOSPITAL,NY,3,1.0189333333333332,864,2
HEALTHALLIANCE HOSPITAL MARYS AVENUE CAMPUS,NY,1,1.00225,863,2
UNITY HOSPITAL,NY,2,1.1360000000000001,835,2
QUEENS HOSPITAL CENTER,NY,2,1.0119333333333334,282,2
BROOKDALE HOSPITAL MEDICAL CENTER,NY,1,1.0117666666666667,440,2
WESTCHESTER MEDICAL CENTER,NY,2,0.9968600000000001,1143,2
AUBURN  COMMUNITY  HOSPITAL,NY,2,1.0670333333333335,736,2
NICHOLAS H NOYES MEMORIAL HOSPITAL,NY,3,1.003,123,1
UPMC CHAUTAUQUA AT WCA,NY,2,1.0037,423,2
HARLEM HOSPITAL CENTER,NY,2,1.0424333333333333,179,2
UNIVERSITY HOSPITAL S U N Y HEALTH SCIENCE CENTER,NY,3,1.009775,1131,0
ST CHARLES HOSPITAL,NY,5,0.9194333333333334,421,1
THE UNIVERSITY OF VERMONT HEALTH NETWORK  - CHAMPL,NY,2,0.984775,1275,2
MERCY MEDICAL CENTER,NY,5,0.9694333333333334,647,1
PHELPS HOSPITAL,NY,4,0.9226,555,1
MONTEFIORE ST LUKE'S CORNWALL,NY,2,1.039425,1063,2
CLIFTON SPRINGS HOSPITAL AND CLINIC,NY,2,1.085,27,2
HUDSON VALLEY HOSPITAL CENTER,NY,5,0.9493,1073,1
HOSPITAL FOR SPECIAL SURGERY,NY,5,0.6738,3253,3
PUTNAM HOSPITAL CENTER,NY,3,0.9654499999999999,529,1
NATHAN LITTAUER HOSPITAL,NY,2,0.9994000000000001,154,2
CORNING HOSPITAL,NY,3,1.0515500000000002,397,2
MERCY HOSPITAL OF BUFFALO,NY,2,1.0532,932,2
STRONG MEMORIAL HOSPITAL,NY,3,0.945525,982,1
GOOD SAMARITAN HOSPITAL MEDICAL CENTER,NY,3,0.923725,2040,3
WHITE PLAINS HOSPITAL CENTER,NY,5,0.9803200000000001,2835,3
CAYUGA MEDICAL CENTER AT ITHACA,NY,3,0.9681000000000001,423,1
PLAINVIEW HOSPITAL,NY,4,0.9678333333333334,1270,1
CHSLI ST JOSEPH HOSPITAL,NY,3,0.9888333333333333,1089,1
SUNY/DOWNSTATE UNIVERSITY HOSPITAL OF BROOKLYN,NY,1,1.0862500000000002,157,2
GARNET HEALTH  MEDICAL CENTER CATSKILLS,NY,2,1.0092333333333332,407,2
SUNY/STONY BROOK UNIVERSITY HOSPITAL,NY,5,0.9528800000000001,5346,3
"UNITED HEALTH SERVICES HOSPITALS, INC",NY,2,0.99265,1181,2
ST JOHN'S EPISCOPAL HOSPITAL AT SOUTH SHORE,NY,1,1.1635,426,2
WOODHULL MEDICAL & MENTAL HEALTH CENTER,NY,2,1.0444,57,0
ST BARNABAS HOSPITAL,NY,1,1.0618,49,2
ST CATHERINE OF SIENA HOSPITAL,NY,5,0.9015,1025,1
CAROLINAS MEDICAL CENTER-NORTHEAST,NC,4,1.005475,2072,0
MEMORIAL MISSION HOSPITAL AND ASHEVILLE SURGERY CE,NC,3,0.9002,4070,3
NORTHERN REGIONAL HOSPITAL,NC,4,0.9795499999999999,433,0
HIGH POINT REGIONAL HEALTH SYSTEM,NC,2,1.01795,772,2
SCOTLAND MEMORIAL HOSPITAL,NC,3,1.0247,348,2
UNC HEALTH CARE WAYNE,NC,3,0.96515,991,1
RUTHERFORD REGIONAL MEDICAL CENTER,NC,2,0.9739,228,2
NOVANT HEALTH FORSYTH MEDICAL CENTER,NC,4,0.9028499999999999,3647,3
NOVANT HEALTH ROWAN MEDICAL CENTER,NC,4,0.9607666666666667,554,1
HARRIS REGIONAL HOSPITAL,NC,3,0.9753,173,1
PARDEE HOSPITAL HENDERSON COUNTY,NC,5,0.9272750000000001,1111,0
CENTRAL CAROLINA HOSPITAL,NC,2,1.0194,364,2
ATRIUM HEALTH CLEVELAND,NC,3,0.9838,1006,0
ADVENTHEALTH HENDERSONVILLE,NC,5,0.9341999999999999,373,1
SAMPSON REGIONAL MEDICAL CENTER,NC,2,1.07375,263,0
UNC LENOIR HEALTH CARE,NC,4,1.0118,532,1
CAPE FEAR VALLEY MEDICAL CENTER,NC,2,1.0599750000000001,1899,2
DUKE UNIVERSITY HOSPITAL,NC,5,0.9120166666666667,2458,3
CAROMONT REGIONAL MEDICAL CENTER,NC,4,1.059625,1790,3
IREDELL MEMORIAL HOSPITAL INC,NC,3,0.9704333333333333,836,1
ECU HEALTH MEDICAL CENTER,NC,2,1.1064666666666667,3938,3
CALDWELL MEMORIAL HOSPITAL,NC,3,0.9679500000000001,241,1
ONSLOW MEMORIAL HOSPITAL,NC,1,1.0320333333333334,639,0
NORTH CAROLINA BAPTIST HOSPITAL,NC,4,0.9933,1538,1
SOUTHEASTERN REGIONAL MEDICAL CENTER,NC,2,1.0466333333333333,683,2
WATAUGA MEDICAL CENTER,NC,3,0.995875,546,0
NOVANT HEALTH PRESBYTERIAN MEDICAL CENTER,NC,5,0.9090999999999999,1670,1
UNC ROCKINGHAM,NC,4,1.02305,122,1
UNC HOSPITALS,NC,5,0.91245,1165,1
WILKES REGIONAL MEDICAL CENTER,NC,3,1.0118666666666667,272,0
COLUMBUS REGIONAL HEALTHCARE SYSTEM,NC,1,1.0164666666666669,315,2
"WAKEMED, RALEIGH CAMPUS",NC,4,0.97445,2384,3
ALAMANCE REGIONAL MEDICAL CENTER,NC,3,0.99205,806,1
BETSY JOHNSON REGIONAL HOSPITAL,NC,3,0.9912666666666666,444,1
"BLUE RIDGE HEALTHCARE HOSPITALS, INC",NC,4,0.9748666666666667,568,1
NOVANT HEALTH THOMASVILLE MEDICAL CENTER,NC,3,0.97395,182,1
THE MCDOWELL HOSPITAL,NC,3,1.0237,187,2
JOHNSTON HEALTH,NC,4,1.023925,1159,0
"MOSES H. CONE MEMORIAL HOSPITAL, THE",NC,3,0.96886,2468,3
LEXINGTON MEMORIAL HOSPITAL INC,NC,2,1.0268666666666666,290,2
HUGH CHATHAM MEMORIAL HOSPITAL,NC,3,1.0139,278,2
ATRIUM HEALTH PINEVILLE,NC,3,1.05094,2259,0
VIDANT ROANOKE CHOWAN HOSPITAL,NC,2,1.05835,287,2
VIDANT EDGECOMBE HOSPITAL,NC,3,1.05775,249,0
SENTARA ALBEMARLE MEDICAL CENTER,NC,3,1.0005333333333333,814,0
CAROLINAS MEDICAL CENTER/BEHAV HEALTH,NC,4,0.9426,1417,0
REX HOSPITAL,NC,5,0.9751833333333333,3133,3
FIRSTHEALTH MOORE REGIONAL HOSPITAL,NC,4,1.0379500000000002,2779,3
FRYE REGIONAL MEDICAL CENTER,NC,2,1.0402,1062,2
STANLY REGIONAL MEDICAL CENTER,NC,3,1.0099666666666667,526,2
VIDANT DUPLIN HOSPITAL,NC,3,1.0342333333333333,395,0
RANDOLPH HOSPITAL,NC,4,0.98695,275,1
WILSON MEDICAL CENTER,NC,1,1.0569666666666666,699,2
GRANVILLE HEALTH SYSTEMS,NC,2,1.0186,101,0
DUKE HEALTH LAKE NORMAN HOSPITAL,NC,1,1.0581,325,2
ATRIUM HEALTH UNION,NC,4,1.0053999999999998,1266,0
CAROLINA EAST MEDICAL CENTER,NC,4,0.97976,2108,0
MARIA PARHAM MEDICAL CENTER,NC,2,1.0554,307,2
NOVANT HEALTH NEW HANOVER REGIONAL MEDICAL CENTER,NC,3,0.9324666666666667,4295,3
CARTERET GENERAL HOSPITAL,NC,2,1.0591000000000002,1306,2
CATAWBA VALLEY MEDICAL CENTER,NC,2,0.974425,709,2
ATRIUM HEALTH LINCOLN,NC,3,1.0118666666666667,614,0
UNC HEALTH NASH,NC,4,1.0187,1150,0
ECU HEALTH NORTH HOSPITAL,NC,2,1.0363333333333333,485,2
DUKE REGIONAL HOSPITAL,NC,5,1.0023,1013,0
NOVANT HEALTH BRUNSWICK MEDICAL CENTER,NC,4,1.0082666666666666,768,1
PERSON MEMORIAL HOSPITAL,NC,3,1.0699,58,2
ATRIUM HEALTH UNIVERSITY CITY,NC,3,1.0100333333333333,364,0
NOVANT HEALTH MATTHEWS MEDICAL CENTER,NC,5,0.9861249999999999,1087,1
"WAKEMED, CARY HOSPITAL",NC,5,0.9749333333333334,1192,1
NOVANT HEALTH HUNTERSVILLE MEDICAL CENTER,NC,4,0.9929333333333333,732,1
HAYWOOD REGIONAL MEDICAL CENTER,NC,3,0.9710666666666666,641,0
CAPE FEAR VALLEY HOKE HOSPITAL,NC,4,1.0446,146,1
NOVANT HEALTH MINT HILL MEDICAL CENTER,NC,5,0.9464,247,1
CHI ST ALEXIUS HEALTH,ND,4,0.95225,410,1
TRINITY HOSPITALS,ND,3,0.999,969,1
SANFORD MEDICAL CENTER FARGO,ND,4,0.93004,2281,3
SANFORD MEDICAL CENTER BISMARCK,ND,4,0.94368,1557,1
ALTRU HOSPITAL,ND,3,0.9239333333333333,1113,0
ESSENTIA HEALTH,ND,3,0.97385,927,1
MERCY HEALTH-ANDERSON HOSPITAL,OH,4,1.02386,1141,1
UNIVERSITY HOSPITALS SAMARITAN MEDICAL CENTER,OH,4,1.0178,350,1
"UNIVERSITY OF CINCINNATI MEDICAL CENTER, LLC",OH,3,1.0064,557,1
RIVERSIDE METHODIST HOSPITAL,OH,4,0.91558,2737,3
SOUTHERN OHIO MEDICAL CENTER,OH,4,1.00385,1117,1
LIMA MEMORIAL HEALTH SYSTEM,OH,3,1.05032,880,2
UNION HOSPITAL,OH,3,1.0033666666666667,542,1
MARION GENERAL HOSPITAL,OH,4,0.9981,1013,1
MOUNT CARMEL ST ANN'S,OH,3,0.976525,788,1
WILSON MEMORIAL HOSPITAL,OH,2,1.0046,66,2
OHIOHEALTH O'BLENESS HOSPITAL,OH,3,1.0013,381,1
THE JEWISH HOSPITAL-MERCY HEALTH,OH,4,1.023725,826,1
GRANT MEDICAL CENTER,OH,2,1.019,796,2
SUMMA HEALTH SYSTEM,OH,3,1.046275,1441,2
FIRELANDS REGIONAL MEDICAL CENTER,OH,4,0.989625,888,1
KETTERING HEALTH GREENE MEMORIAL,OH,5,1.0171,50,1
AKRON GENERAL MEDICAL CENTER,OH,5,0.9441999999999999,1643,1
WOOD COUNTY HOSPITAL,OH,4,1.0118,193,1
GRAND LAKE HEALTH SYSTEM,OH,4,0.9633,239,1
MOUNT CARMEL EAST & WEST,OH,2,1.0301,1591,2
WOOSTER COMMUNITY HOSPITAL,OH,4,1.0056666666666667,474,0
GENESIS HOSPITAL,OH,5,0.9463750000000001,1554,1
KNOX COMMUNITY HOSPITAL,OH,3,0.9853500000000001,514,1
PARMA COMMUNITY GENERAL HOSPITAL,OH,4,1.05952,1243,1
MCCULLOUGH-HYDE MEMORIAL HOSPITAL,OH,3,1.05395,160,2
UNIVERSITY OF TOLEDO MEDICAL CENTER,OH,3,1.007175,429,0
MIAMI VALLEY HOSPITAL,OH,3,1.04672,2395,3
HOLZER MEDICAL CENTER,OH,4,0.9598,551,1
INSIGHT HOSPITAL AND MEDICAL CENTER TRUMBULL,OH,2,1.0369,667,2
MERCY HEALTH - FAIRFIELD HOSPITAL,OH,3,1.011475,1053,2
MERCER COUNTY JOINT TOWNSHIP COMMUNITY HOSPITAL,OH,3,0.97505,382,0
METROHEALTH SYSTEM,OH,3,1.0336750000000001,706,2
ST ELIZABETH YOUNGSTOWN HOSPITAL,OH,3,1.02514,1450,2
FISHER-TITUS HOSPITAL,OH,4,1.0383666666666667,476,1
MERCY HEALTH ST RITAS MEDICAL CENTER,OH,4,0.9586250000000001,1634,1
PROMEDICA TOLEDO HOSPITAL,OH,4,0.93186,2737,3
MERCY MEDICAL CENTER,OH,3,1.00475,963,1
FAIRFIELD MEDICAL CENTER,OH,2,1.033975,953,2
UH REGIONAL HOSPITALS,OH,4,0.9757750000000001,789,1
ATRIUM MEDICAL CENTER,OH,4,1.0089000000000001,767,1
FAIRVIEW HOSPITAL,OH,5,0.985075,1793,1
UNIVERSITY HOSPITALS PORTAGE MEDICAL CENTER,OH,3,1.0548,472,2
KETTERING HEALTH MAIN CAMPUS,OH,3,1.05068,1476,2
EAST OHIO REGIONAL HOSPITAL,OH,2,1.0918999999999999,145,2
EUCLID HOSPITAL,OH,4,1.0049333333333335,346,1
AULTMAN HOSPITAL,OH,4,0.961275,1456,1
OHIO STATE UNIVERSITY STATE HEALTH SYSTEM,OH,3,0.9889333333333333,1948,0
SPRINGFIELD REGIONAL MEDICAL CENTER,OH,4,1.0260500000000001,914,1
MERCY HEALTH - TIFFIN HOSPITAL,OH,3,1.0279500000000001,379,2
MEDINA HOSPITAL,OH,5,0.9906666666666667,1100,1
MEMORIAL HOSPITAL,OH,5,0.9544,147,0
BLANCHARD VALLEY HOSPITAL,OH,3,0.945975,838,1
EAST LIVERPOOL CITY HOSPITAL,OH,3,1.0794,414,2
LAKE HEALTH,OH,3,1.02335,1460,2
BELLEVUE HOSPITAL,OH,4,1.01465,154,1
COSHOCTON REGIONAL MEDICAL CENTER,OH,4,0.9781500000000001,211,1
MERCY ST VINCENT MEDICAL CENTER,OH,3,1.0878999999999999,2140,2
OHIOHEALTH MANSFIELD HOSPITAL,OH,3,1.018425,1375,2
COMMUNITY HOSPITALS AND WELLNESS CENTERS,OH,3,1.0229,88,2
UH ST JOHN MEDICAL CENTER,OH,4,1.014,899,1
ASHTABULA COUNTY MEDICAL CENTER,OH,3,1.0735999999999999,613,2
FORT HAMILTON HUGHES MEMORIAL HOSPITAL,OH,3,1.0137,661,2
KETTERING HEALTH DAYTON,OH,4,1.0619999999999998,982,2
GOOD SAMARITAN HOSPITAL,OH,4,0.9902,755,1
UH CLEVELAND MEDICAL CENTER,OH,3,1.028175,753,2
MARYMOUNT HOSPITAL,OH,5,1.0250333333333332,800,1
SOUTH POINTE HOSPITAL,OH,5,1.031,541,1
UNIVERSITY HOSPITALS - ELYRIA MEDICAL CENTER,OH,4,1.00595,909,1
MARIETTA MEMORIAL HOSPITAL,OH,3,1.018225,1157,2
SUMMA WESTERN RESERVE HOSPITAL,OH,3,1.0258333333333332,199,2
DOCTORS HOSPITAL,OH,4,1.0022,452,1
SOUTHWEST GENERAL HEALTH CENTER,OH,4,1.09096,1628,2
MEMORIAL HOSPITAL,OH,4,0.9925999999999999,197,1
ADENA REGIONAL MEDICAL CENTER,OH,3,0.9969,1078,1
MH ST JOSEPH WARREN HOSPITAL,OH,3,0.9891666666666667,634,1
CHRIST HOSPITAL,OH,5,0.99372,2080,3
BERGER HOSPITAL,OH,3,1.0138,246,0
MERCY REGIONAL MEDICAL CENTER,OH,2,1.04215,669,2
UPPER VALLEY MEDICAL CENTER,OH,4,1.03695,600,1
CLINTON MEMORIAL HOSPITAL,OH,2,1.0355,194,0
BETHESDA NORTH,OH,3,1.03402,2441,3
CLEVELAND CLINIC,OH,4,0.9431166666666666,3057,3
SALEM REGIONAL MEDICAL CENTER,OH,3,0.958,236,1
MADISON HEALTH,OH,3,1.0497,40,2
SOUTHEASTERN OHIO REGIONAL MEDICAL CENTER,OH,4,0.9753499999999999,273,1
GRADY MEMORIAL HOSPITAL,OH,4,0.9785,219,1
TRINITY MEDICAL CTR EAST &TRINITY MEDICAL CTR WEST,OH,2,1.0430000000000001,647,2
LICKING MEMORIAL HOSPITAL,OH,2,1.028675,776,2
HILLCREST HOSPITAL,OH,5,0.9849600000000001,2543,3
MERCY HEALTH - WEST HOSPITAL,OH,4,1.060725,1088,1
MERCY HEALTH - CLERMONT HOSPITAL,OH,4,0.9949,643,1
KETTERING HEALTH MIAMISBURG,OH,4,1.0389,545,1
BAY PARK COMMUNITY HOSPITAL,OH,3,1.0279333333333334,323,2
MERCY HEALTH - DEFIANCE HOSPITAL,OH,4,0.9830333333333333,311,1
HMHP ST ELIZABETH BOARDMAN HEALTH CENTER,OH,2,1.0640333333333334,1155,2
DUBLIN METHODIST HOSPITAL,OH,4,0.9613,471,1
CRYSTAL CLINIC ORTHOPAEDIC CENTER,OH,5,0.8468,969,1
WEST CHESTER HOSPITAL,OH,3,1.05445,989,2
UNIVERSITY HOSPITALS AHUJA MEDICAL CENTER,OH,3,1.0460500000000001,1185,2
SOIN MEDICAL CENTER,OH,4,1.090875,975,2
CLEVELAND CLINIC AVON HOSPITAL,OH,5,1.0034,1112,1
AVITA ONTARIO,OH,4,1.0107,133,1
KETTERING HEALTH TROY,OH,5,0.9816499999999999,233,1
HILLCREST MEDICAL CENTER,OK,3,0.9669399999999999,1559,1
ALLIANCEHEALTH WOODWARD,OK,3,0.9437,110,1
INTEGRIS HEALTH PONCA CITY,OK,2,0.9938,128,2
NORMAN REGIONAL,OK,2,1.028925,1332,0
"MERCY HOSPITAL OKLAHOMA CITY, INC",OK,4,0.9040666666666667,1298,1
ALLIANCEHEALTH DURANT,OK,1,1.1627750000000001,975,2
INTEGRIS HEALTH ENID HOSPITAL,OK,3,0.9868,380,1
ASCENSION ST JOHN JANE PHILLIPS,OK,3,1.0156,445,2
GREAT PLAINS REGIONAL MEDICAL CENTER,OK,2,0.9866,104,2
MERCY HOSPITAL ADA,OK,4,1.0512,539,1
JACKSON COUNTY MEMORIAL HOSPITAL AUTHORITY,OK,3,0.9662666666666667,445,1
"DUNCAN REGIONAL HOSPITAL, INC",OK,3,0.9681666666666667,804,1
SAINT FRANCIS HOSPITAL MUSKOGEE,OK,3,1.15615,1122,2
ST MARY'S REGIONAL MEDICAL CENTER,OK,3,0.9363,461,1
"INTEGRIS BAPTIST MEDICAL CENTER, INC",OK,3,0.9976800000000001,2193,3
MCALESTER REGIONAL HEALTH CENTER,OK,3,0.988,391,0
SSM HEALTH ST ANTHONY HOSPITAL - OKLAHOMA CITY,OK,4,0.89096,1923,1
HILLCREST HOSPITAL CLAREMORE,OK,4,0.9254,123,1
"MERCY HOSPITAL ARDMORE, INC",OK,4,1.0311000000000001,875,1
STILLWATER MEDICAL CENTER,OK,4,0.9928000000000001,1041,0
GRADY MEMORIAL HOSPITAL,OK,2,0.9908,71,0
MEMORIAL HEALTH,OK,2,1.073725,1438,0
OKLAHOMA STATE UNIVERSITY MEDICAL CENTER,OK,2,1.0364,352,0
NORTHEASTERN HEALTH SYSTEM,OK,2,1.030425,401,0
"SAINT FRANCIS HOSPITAL, INC",OK,5,0.9468,3139,3
O U MEDICAL CENTER,OK,2,1.0057,852,2
SSM HEALTH ST ANTHONY HOSPITAL - MIDWEST,OK,2,1.058725,618,2
SOUTHWESTERN MEDICAL CENTER,OK,2,1.03485,257,2
CHOCTAW MEMORIAL HOSPITAL,OK,1,1.0578,51,2
INTEGRIS SOUTHWEST MEDICAL CENTER,OK,2,1.0099749999999998,895,2
INTEGRIS GROVE HOSPITAL,OK,4,0.98755,181,1
ASCENSION ST JOHN MEDICAL CENTER,OK,3,0.96675,1280,1
SSM HEALTH ST ANTHONY HOSPITAL - SHAWNEE,OK,3,0.9661500000000001,334,1
CHEROKEE NATION W W HASTINGS INDIAN HOSPITAL,OK,3,1.0125,224,2
HILLCREST HOSPITAL SOUTH,OK,3,0.9767,1018,1
"OKLAHOMA SURGICAL HOSPITAL, LLC",OK,5,0.7393,732,1
INTEGRIS CANADIAN VALLEY HOSPITAL,OK,4,0.99285,350,1
"OKLAHOMA HEART HOSPITAL, LLC",OK,4,1.0105,2930,3
"SAINT FRANCIS HOSPITAL SOUTH, LLC",OK,5,1.0045333333333333,668,1
"OKLAHOMA HEART HOSPITAL SOUTH, LLC",OK,5,0.9066000000000001,1100,1
INTEGRIS HEALTH EDMOND HOSPITAL,OK,2,0.9805999999999999,457,2
"SAINT FRANCIS HOSPITAL VINITA, INC",OK,3,1.03455,210,2
MID-COLUMBIA MEDICAL CENTER,OR,4,0.9581,93,1
ASANTE THREE RIVERS MEDICAL CENTER,OR,3,0.909,365,1
PROVIDENCE ST VINCENT MEDICAL CENTER,OR,4,0.95706,1657,1
LEGACY EMANUEL MEDICAL CENTER,OR,3,0.99725,245,1
OHSU HOSPITAL AND CLINICS,OR,3,0.9965333333333333,517,1
GOOD SAMARITAN REGIONAL MEDICAL CENTER,OR,3,0.9460333333333333,597,1
LEGACY GOOD SAMARITAN MEDICAL CENTER,OR,4,1.01555,287,1
ASANTE ROGUE REGIONAL MEDICAL CENTER,OR,4,0.88164,1303,1
MCKENZIE-WILLAMETTE MEDICAL CENTER,OR,4,0.9773,249,1
HILLSBORO MEDICAL CENTER,OR,3,0.9837,253,1
LEGACY MOUNT HOOD MEDICAL CENTER,OR,3,0.9823,283,1
MERCY MEDICAL CENTER,OR,4,0.8770333333333333,573,0
PROVIDENCE NEWBERG MEDICAL CENTER,OR,4,0.8639,137,1
PROVIDENCE WILLAMETTE FALLS MEDICAL CENTER,OR,4,0.9667999999999999,246,1
ST CHARLES MEDICAL CENTER - BEND,OR,4,0.907975,1619,1
SKY LAKES MEDICAL CENTER,OR,2,0.9357,485,1
SALEM HOSPITAL,OR,3,0.9465749999999999,1433,1
SAINT ALPHONSUS MEDICAL CENTER ONTARIO,OR,2,1.0146,57,2
ADVENTIST HEALTH PORTLAND,OR,4,0.9451666666666667,571,1
PROVIDENCE PORTLAND MEDICAL CENTER,OR,4,0.9348000000000001,679,1
WILLAMETTE VALLEY MEDICAL CENTER,OR,2,1.0024333333333333,310,2
PROVIDENCE MEDFORD MEDICAL CENTER,OR,2,0.97315,381,2
PROVIDENCE MILWAUKIE HOSPITAL,OR,3,0.9503,113,1
LEGACY MERIDIAN PARK MEDICAL CENTER,OR,2,0.96785,355,2
BAY AREA HOSPITAL,OR,2,1.009875,1026,0
SACRED HEART MEDICAL CENTER - RIVERBEND,OR,4,0.91998,1813,1
GEISINGER-COMMUNITY MEDICAL CENTER,PA,2,1.01185,1480,2
UPMC MCKEESPORT HOSPITAL,PA,3,0.9955499999999999,139,1
GEISINGER-BLOOMSBURG HOSPITAL,PA,4,1.0128,74,1
PENN STATE HEALTH HOLY SPIRIT MEDICAL CENTER,PA,3,1.0400333333333334,801,2
GEISINGER MEDICAL CENTER,PA,4,1.01136,1738,3
SAINT VINCENT HOSPITAL,PA,4,0.9977,1116,1
JEFFERSON LANSDALE HOSPITAL,PA,3,1.0412,809,2
WELLSPAN EVANGELICAL COMMUNITY HOSPITAL,PA,4,0.961625,644,1
UPMC JAMESON,PA,3,0.9983,366,1
TEMPLE HEALTH - CHESTNUT HILL HOSPITAL,PA,2,1.0136,794,2
TEMPLE UNIVERSITY HOSPITAL,PA,4,1.016675,1531,1
UPMC MERCY,PA,4,0.9873,249,1
SCHUYLKILL MEDICAL CENTER - SOUTH JACKSON STREET,PA,4,0.9826,513,1
ALLEGHENY VALLEY HOSPITAL,PA,4,1.0057,259,1
ST LUKE'S HOSPITAL - UPPER BUCKS CAMPUS,PA,5,1.0275,475,1
HERITAGE VALLEY BEAVER,PA,3,0.9845666666666667,584,1
HERITAGE VALLEY SEWICKLEY,PA,4,0.9774999999999999,249,1
UNIONTOWN HOSPITAL,PA,2,1.02505,514,2
"WASHINGTON HOSPITAL, THE",PA,4,1.023,444,1
READING HOSPITAL,PA,4,0.9927999999999999,3354,3
UPMC WILLIAMSPORT,PA,3,1.017025,1102,2
WELLSPAN YORK HOSPITAL,PA,4,0.98354,2255,3
GEISINGER-LEWISTOWN HOSPITAL,PA,5,0.9726333333333333,552,1
ST LUKES HOSPITAL,PA,5,1.0271666666666668,2686,3
ALLEGHENY GENERAL HOSPITAL,PA,3,1.01355,828,2
PENN HIGHLANDS HUNTINGDON,PA,3,1.00315,163,1
ST LUKE'S HOSPITAL - GRAND VIEW CAMPUS,PA,4,0.9947750000000001,816,1
UPMC CARLISLE,PA,4,0.9962666666666666,539,1
CONEMAUGH NASON MEDICAL CENTER,PA,5,0.9748,77,1
UPMC HAMOT,PA,3,1.01412,1325,2
GETTYSBURG HOSPITAL,PA,4,0.915775,777,1
WELLSPAN GOOD SAMARITAN HOSPITAL,PA,5,0.97085,605,1
UPMC PINNACLE HOSPITALS,PA,4,1.0273,3193,3
UPMC LITITZ,PA,4,1.0305,121,1
LOWER BUCKS HOSPITAL,PA,3,1.0533,70,2
UPMC ALTOONA,PA,3,0.962825,932,1
ROBERT PACKER HOSPITAL,PA,2,0.99625,1301,2
PENN HIGHLANDS DUBOIS,PA,2,0.935425,1000,1
WEST PENN HOSPITAL,PA,3,1.0109,63,2
UPMC NORTHWEST,PA,4,1.0239333333333331,487,1
CLARION HOSPITAL,PA,2,0.9868,68,2
PENN STATE HEALTH ST. JOSEPH,PA,3,0.9946333333333334,847,1
HOLY REDEEMER HOSPITAL AND MEDICAL CENTER,PA,3,1.02766,1346,2
LANCASTER GENERAL HOSPITAL,PA,5,0.9655666666666667,3028,3
UPMC MEMORIAL,PA,4,1.0059333333333333,464,1
UPMC ST MARGARET,PA,3,1.1687333333333334,611,2
UPMC PASSAVANT,PA,4,1.000775,1010,1
CONEMAUGH MEMORIAL MEDICAL CENTER,PA,2,1.0363,613,2
HOSPITAL OF UNIV OF PENNSYLVANIA,PA,5,1.00496,1463,1
CHAN SOON- SHIONG MEDICAL CENTER AT WINDBER,PA,2,1.0257,53,2
MEADVILLE MEDICAL CENTER,PA,4,0.9783999999999999,415,1
JEFFERSON HEALTH- NORTHEAST,PA,2,1.1096166666666667,2126,2
SUBURBAN COMMUNITY HOSPITAL,PA,4,1.0062,187,1
UPMC BEDFORD MEMORIAL,PA,4,1.0044,142,1
POTTSTOWN HOSPITAL,PA,2,1.0046333333333333,612,2
WAYNE MEMORIAL HOSPITAL,PA,2,0.9708,569,2
PHOENIXVILLE HOSPITAL,PA,3,1.099875,919,2
LEHIGH VALLEY HOSPITAL,PA,4,1.0905500000000001,5973,3
WILKES-BARRE GENERAL HOSPITAL,PA,2,1.01615,1328,2
WELLSPAN WAYNESBORO HOSPITAL,PA,4,1.0113666666666667,333,1
BRYN MAWR HOSPITAL,PA,5,1.07318,2090,3
JEFFERSON EINSTEIN PHILADELPHIA HOSPITAL,PA,3,1.0247,589,2
EXCELA HEALTH WESTMORELAND REGIONAL HOSPITAL,PA,3,1.05316,1167,2
WARREN GENERAL HOSPITAL,PA,3,1.0500500000000001,204,2
PENN HIGHLANDS MON VALLEY,PA,1,1.0978,87,2
WELLSPAN CHAMBERSBURG HOSPITAL,PA,4,0.99745,1539,1
PAOLI HOSPITAL,PA,5,0.9836750000000001,1978,3
MERCY CATHOLIC MEDICAL CENTER- MERCY FITZGERALD,PA,2,1.0700333333333332,391,2
CANONSBURG GENERAL HOSPITAL,PA,3,1.0072999999999999,136,1
ST LUKE'S HOSPITAL - EASTON CAMPUS,PA,4,0.9904,90,1
ACMH HOSPITAL,PA,3,1.112,78,2
UPMC PRESBYTERIAN SHADYSIDE,PA,4,1.04108,1402,1
INDEPENDENCE HEALTH SYSTEM BUTLER MEMORIAL HOSPITA,PA,2,0.98535,629,2
INDIANA REGIONAL MEDICAL CENTER,PA,2,1.0362,254,2
THOMAS JEFFERSON UNIVERSITY HOSPITAL,PA,3,1.1137666666666666,1925,2
UPMC HORIZON,PA,4,1.0003,227,1
CHESTER COUNTY HOSPITAL,PA,5,0.981325,2250,3
CROZER CHESTER MEDICAL CENTER,PA,1,1.00475,808,2
ST LUKE'S MINERS MEMORIAL HOSPITAL,PA,4,1.0261333333333333,440,1
LEHIGH VALLEY HOSPITAL - HAZLETON,PA,2,0.9386666666666666,664,1
MAIN LINE HOSPITAL LANKENAU,PA,4,1.00048,2315,3
LEHIGH VALLEY HOSPITAL - POCONO,PA,3,1.02735,854,2
DOYLESTOWN HOSPITAL,PA,4,1.04515,2977,3
NAZARETH HOSPITAL,PA,2,0.9674,597,2
SHARON REGIONAL MEDICAL CENTER,PA,3,1.011,301,2
EXCELA HEALTH - FRICK HOSPITAL,PA,3,0.9722999999999999,163,1
EXCELA HEALTH LATROBE HOSPITAL,PA,4,0.9848,319,1
RIDDLE MEMORIAL HOSPITAL,PA,4,1.0526399999999998,1893,3
PENN PRESBYTERIAN MEDICAL CENTER,PA,4,0.9538833333333333,1668,1
WELLSPAN EPHRATA COMMUNITY HOSPITAL,PA,5,0.9083,410,1
PENNSYLVANIA HOSPITAL,PA,4,1.0201666666666667,588,1
ST CLAIR HOSPITAL,PA,4,1.0327,1148,1
JEFFERSON ABINGTON HOSPITAL,PA,3,1.05552,2747,3
UPMC HANOVER,PA,4,1.0086,1010,1
REGIONAL HOSPITAL OF SCRANTON,PA,2,1.016675,1710,2
MILTON S HERSHEY MEDICAL CENTER,PA,4,0.996525,1128,1
ST MARY MEDICAL CENTER,PA,2,1.1069666666666667,2401,2
JEFFERSON HOSPITAL,PA,4,1.0386250000000001,825,1
FORBES HOSPITAL,PA,3,1.025725,853,2
MOUNT NITTANY MEDICAL CENTER,PA,5,1.01455,895,1
GEISINGER WYOMING VALLEY MEDICAL CENTER,PA,4,0.999725,1599,1
ROXBOROUGH MEMORIAL HOSPITAL,PA,2,0.98355,151,2
UPMC EAST,PA,4,1.0132500000000002,419,1
JEFFERSON EINSTEIN MONTGOMERY HOSPITAL,PA,4,1.024225,1171,1
ST LUKE'S HOSPITAL - MONROE CAMPUS,PA,5,1.0977,838,1
GEISINGER ST. LUKE'S  HOSPITAL,PA,5,1.03525,499,1
AHN WEXFORD HOSPITAL,PA,5,0.9863,301,1
ST LUKE'S HOSPITAL - CARBON CAMPUS,PA,5,1.0400333333333334,458,1
PENN STATE HEALTH HAMPDEN MEDICAL CENTER,PA,4,1.00805,210,1
PENN STATE HEALTH LANCASTER MEDICAL CENTER,PA,3,1.0132,92,2
ROGER WILLIAMS MEDICAL CENTER,RI,3,0.95305,204,1
OUR LADY OF FATIMA HOSPITAL,RI,3,0.97925,286,1
NEWPORT HOSPITAL,RI,4,0.9613333333333333,520,1
RHODE ISLAND HOSPITAL,RI,4,0.9822500000000001,1464,1
SOUTH COUNTY HOSPITAL INC,RI,4,0.994725,1071,1
KENT COUNTY MEMORIAL HOSPITAL,RI,3,1.021875,1513,2
LANDMARK MEDICAL CENTER,RI,2,1.080525,509,2
THE MIRIAM HOSPITAL,RI,4,0.987125,1885,3
WESTERLY HOSPITAL,RI,4,0.9513,461,1
PIEDMONT MEDICAL CENTER,SC,2,1.0137,1475,2
MUSC MEDICAL CENTER,SC,2,1.03576,1769,0
MCLEOD MEDICAL CENTER - DILLON,SC,3,1.0697,197,2
SPARTANBURG MEDICAL CENTER,SC,2,0.9802199999999999,2553,0
PRISMA HEALTH OCONEE MEMORIAL HOSPITAL,SC,4,1.0222666666666667,802,1
CAROLINA PINES REGIONAL MEDICAL CENTER,SC,2,1.09715,303,2
PRISMA HEALTH BAPTIST EASLEY HOSPITAL,SC,4,0.9772,480,1
PRISMA HEALTH RICHLAND HOSPITAL,SC,3,0.9861599999999999,1637,1
TIDELANDS GEORGETOWN MEMORIAL HOSPITAL,SC,2,1.0283,447,2
ST FRANCIS-DOWNTOWN,SC,4,0.9415166666666668,2168,3
MUSC HEALTH COLUMBIA MEDICAL CENTER DOWNTOWN,SC,3,0.9702500000000001,1191,1
ANMED HEALTH,SC,4,0.9825,1842,3
COLLETON MEDICAL CENTER,SC,3,1.0272000000000001,230,2
PRISMA HEALTH GREER MEMORIAL HOSPITAL,SC,5,0.90105,399,1
MUSC HEALTH LANCASTER MEDICAL CENTER,SC,4,0.9960999999999999,329,1
PRISMA HEALTH HILLCREST HOSPITAL,SC,4,0.9681,265,1
PRISMA HEALTH LAURENS COUNTY HOSPITAL,SC,4,1.0176,278,1
CHEROKEE MEDICAL CENTER,SC,2,1.064,35,0
KERSHAWHEALTH,SC,3,0.9571,338,1
CONWAY MEDICAL CENTER,SC,2,1.0690333333333333,739,2
MCLEOD REGIONAL MEDICAL CENTER-PEE DEE,SC,3,1.11334,2547,3
NEWBERRY COUNTY MEMORIAL HOSPITAL,SC,3,1.0058500000000001,136,2
MUSC HEALTH MARION MEDICAL CENTER,SC,3,1.01665,135,0
BON SECOURS-ST FRANCIS XAVIER HOSPITAL,SC,3,0.9957333333333334,633,1
BEAUFORT COUNTY MEMORIAL HOSPITAL,SC,4,1.041575,831,0
PRISMA HEALTH TUOMEY HOSPITAL,SC,3,1.0123666666666666,665,2
SELF REGIONAL HEALTHCARE,SC,4,0.994475,1057,1
LEXINGTON MEDICAL CENTER,SC,3,1.05544,3236,3
PRISMA HEALTH GREENVILLE MEMORIAL HOSPITAL,SC,4,1.01456,2073,3
TRIDENT MEDICAL CENTER,SC,3,1.0192599999999998,2041,3
NOVANT HEALTH HILTON HEAD MEDICAL CENTER,SC,2,1.05905,1114,2
AIKEN REGIONAL MEDICAL CENTER,SC,2,0.9852666666666666,783,2
GRAND STRAND REGIONAL MEDICAL CENTER,SC,2,1.0688,2860,3
PRISMA HEALTH BAPTIST,SC,4,0.98105,254,1
ROPER HOSPITAL,SC,4,0.9931166666666668,2075,3
EAST COOPER MEDICAL CENTER,SC,4,0.9757499999999999,220,1
MUSC HEALTH FLORENCE MEDICAL CENTER,SC,3,1.017025,1066,0
TIDELANDS WACCAMAW COMMUNITY HOSPITAL,SC,4,0.9441666666666667,1038,1
COASTAL CAROLINA HOSPITAL,SC,4,0.9417,276,1
PELHAM MEDICAL CENTER,SC,5,0.98815,268,0
MOUNT PLEASANT HOSPITAL,SC,5,1.0321500000000001,378,1
MCLEOD LORIS  HOSPITAL,SC,4,1.0092666666666668,1386,1
PRISMA HEALTH BAPTIST PARKRIDGE,SC,4,0.92475,399,1
MCLEOD HEALTH CHERAW,SC,3,1.0977000000000001,250,2
MCLEOD HEALTH CLARENDON,SC,3,1.0067,176,1
ROPER ST FRANCIS HOSPITAL-BERKELEY INC,SC,5,0.9998666666666667,319,1
"PRAIRIE LAKES HEALTHCARE SYSTEM, INC",SD,3,1.0127,65,2
BROOKINGS HEALTH SYSTEM,SD,4,1.0128,68,0
AVERA SACRED HEART HOSPITAL,SD,3,1.01925,269,2
AVERA ST LUKES,SD,4,0.9777750000000001,666,1
AVERA ST MARY'S HOSPITAL,SD,2,0.9558,109,2
AVERA MCKENNAN HOSPITAL & UNIVERSITY HEALTH CENTER,SD,4,0.968,1420,1
SANFORD USD MEDICAL CENTER,SD,5,0.9341999999999999,1869,1
MONUMENT HEALTH RAPID CITY HOSPITAL,SD,3,0.9789,1804,3
AVERA HEART HOSPITAL OF SOUTH DAKOTA,SD,5,0.8814333333333333,1143,1
SANFORD MEDICAL CENTER ABERDEEN,SD,4,0.9669,165,1
JACKSON-MADISON COUNTY GENERAL HOSPITAL,TN,3,0.9798600000000001,3526,3
HIGHPOINT HEALTH-SUMNER WITH ASCENSION SAINT THOMA,TN,3,0.9867333333333334,543,1
TRISTAR SKYLINE MEDICAL CENTER,TN,2,1.0366,607,2
UNITY MEDICAL CENTER,TN,3,1.0136,151,2
CUMBERLAND MEDICAL CENTER,TN,4,1.0092999999999999,537,1
BLOUNT MEMORIAL HOSPITAL,TN,2,0.97755,1011,0
WELLMONT BRISTOL REGIONAL MEDICAL CENTER,TN,2,1.08195,1142,0
"UNIVERSITY HEALTH SYSTEM, INC",TN,4,0.95328,2022,3
BAPTIST MEMORIAL HOSPITAL - CARROLL COUNTY,TN,4,1.03785,192,1
WELLMONT HOLSTON VALLEY MEDICAL CENTER,TN,2,0.97235,1072,2
SYCAMORE SHOALS HOSPITAL,TN,2,1.0837999999999999,209,2
SOUTHERN TENNESSEE REGIONAL HEALTH SYSTEM PULASKI,TN,3,0.97075,170,1
WILLIAMSON MEDICAL CENTER,TN,5,0.9129,969,0
MORRISTOWN HAMBLEN HOSPITAL ASSOCIATION,TN,2,1.0866666666666667,505,0
ROANE MEDICAL CENTER,TN,4,1.0399,353,0
LAFOLLETTE MEDICAL CENTER,TN,3,0.9528,116,1
METHODIST MEDICAL CENTER OF OAK RIDGE,TN,4,1.01625,889,1
TENNOVA HEALTHCARE - CLARKSVILLE,TN,1,1.070625,1094,2
VANDERBILT UNIVERSITY MEDICAL CENTER,TN,5,0.91735,2147,3
TRISTAR HORIZON MEDICAL CENTER,TN,3,0.970825,687,1
BAPTIST MEMORIAL HOSPITAL,TN,3,1.0986833333333335,3356,3
METHODIST HOSPITALS OF MEMPHIS,TN,3,0.9755333333333334,3448,3
GREENEVILLE COMMUNITY HOSPITAL,TN,2,1.0684666666666667,452,2
SAINT THOMAS RUTHERFORD HOSPITAL,TN,3,0.95465,1621,1
TENNOVA HEALTHCARE-JEFFERSON MEMORIAL HOSPITAL,TN,2,1.00315,243,2
SOUTHERN TENNESSEE REGIONAL HEALTH SYSTEM WINCHEST,TN,3,0.9979,170,2
COOKEVILLE REGIONAL MEDICAL CENTER,TN,2,1.0887799999999999,2281,0
JOHNSON CITY MEDICAL CENTER,TN,1,1.03538,1381,2
TRISTAR NORTHCREST MEDICAL CENTER,TN,3,1.055,304,2
STARR REGIONAL MEDICAL CENTER ATHENS,TN,3,0.9725,188,1
DYERSBURG REGIONAL MEDICAL CENTER,TN,4,0.9975333333333335,489,1
MAURY REGIONAL HOSPITAL,TN,3,1.04805,1516,0
LECONTE MEDICAL CENTER,TN,5,0.98,245,1
ASCENSION SAINT THOMAS HOSPITAL,TN,3,0.9783666666666667,3725,3
SWEETWATER HOSPITAL ASSOCIATION,TN,1,1.0713,274,2
"MEMORIAL HEALTHCARE SYSTEM, INC",TN,5,0.97156,2440,3
ERLANGER MEDICAL CENTER,TN,4,0.9482200000000001,1108,0
HARDIN MEDICAL CENTER,TN,2,1.016,112,0
FORT LOUDOUN MEDICAL CENTER,TN,4,1.02685,231,1
PHYSICIANS REGIONAL MEDICAL CENTER,TN,3,1.05756,1597,2
FORT SANDERS REGIONAL MEDICAL CENTER,TN,3,1.0842,786,2
BAPTIST MEMORIAL HOSPITAL UNION CITY,TN,4,0.9677,260,1
BAPTIST MEMORIAL HOSPITAL TIPTON,TN,3,1.01725,212,2
WEST TENNESSEE HEALTHCARE HENRY COUNTY HOSPITAL,TN,3,0.9743666666666666,313,0
VANDERBILT BEDFORD HOSPITAL,TN,4,0.9849,78,1
VANDERBILT TULLAHOMA-HARTON HOSPITAL,TN,3,1.0117666666666667,536,2
TRISTAR SUMMIT MEDICAL CENTER,TN,4,1.031725,967,1
SAINT THOMAS RIVER PARK HOSPITAL,TN,3,1.0022,258,1
TENNOVA HEALTHCARE - NEWPORT MEDICAL CENTER,TN,4,0.9882500000000001,166,1
PARKRIDGE MEDICAL CENTER,TN,4,0.9989399999999999,1440,1
TRISTAR CENTENNIAL MEDICAL CENTER,TN,4,0.99255,1695,1
PARKWEST MEDICAL CENTER,TN,3,1.0619833333333333,1942,2
SOUTHERN TENNESSEE REGIONAL HEALTH SYSTEM LAWRENCE,TN,3,0.9885,212,1
ST FRANCIS HOSPITAL,TN,1,1.056575,532,2
FRANKLIN WOODS COMMUNITY HOSPITAL,TN,3,0.9971,248,1
AFFILIATE OF VITRUVIAN HEALTH,TN,2,1.006975,871,2
LIVINGSTON REGIONAL HOSPITAL,TN,2,1.05105,225,2
VANDERBILT WILSON COUNTY HOSPITAL,TN,5,0.9798333333333332,558,1
TRISTAR HENDERSONVILLE MEDICAL CENTER,TN,4,1.0016333333333334,656,1
TRISTAR SOUTHERN HILLS MEDICAL CENTER,TN,4,0.9852,237,1
TRISTAR STONECREST MEDICAL CENTER,TN,4,1.0512000000000001,304,1
SAINT FRANCIS BARTLETT MEDICAL CENTER,TN,1,1.0155666666666667,783,2
THE HOSPITALS OF PROVIDENCE - MEMORIAL CAMPUS,TX,2,1.0254,102,2
PETERSON REGIONAL MEDICAL CENTER,TX,4,0.9638666666666666,651,1
UNITED REGIONAL HEALTH CARE SYSTEM,TX,3,1.0394,2442,3
CHI ST JOSEPH HEALTH REGIONAL HOSPITAL,TX,2,1.00848,1587,2
PARKLAND HEALTH & HOSPITAL SYSTEM,TX,3,1.0119333333333334,360,0
UNIVERSITY OF TEXAS MEDICAL BRANCH GALVESTON,TX,3,1.0701,2008,0
BAYLOR UNIVERSITY MEDICAL CENTER,TX,4,0.9494,1470,1
CITIZENS MEDICAL CENTER,TX,3,1.043925,880,2
UNIVERSITY MEDICAL CENTER OF EL PASO,TX,3,1.00595,163,0
VALLEY BAPTIST MEDICAL CENTER- BROWNSVILLE,TX,3,1.00785,324,2
LAREDO MEDICAL CENTER,TX,4,0.9990333333333333,701,1
CHRISTUS GOOD SHEPHERD MEDICAL CENTER,TX,4,1.0529,1748,3
VHS HARLINGEN HOSPITAL COMPANY LLC,TX,2,1.0553333333333332,664,2
CHRISTUS SOUTHEAST TEXAS- ST ELIZABETH,TX,4,1.0267249999999999,1133,1
JPS HEALTH NETWORK,TX,4,0.9775,305,0
COVENANT MEDICAL CENTER,TX,3,0.922275,1521,1
ASCENSION PROVIDENCE,TX,2,0.997575,1130,2
UT OF TEXAS  SOUTHWESTERN UNIVERSITY HOSPITAL - WILLIAM P. CLEMENTS JR.,TX,4,1.051325,1505,0
CHRISTUS SPOHN HOSPITAL CORPUS CHRISTI,TX,3,1.021,1106,2
METHODIST DALLAS MEDICAL CENTER,TX,3,0.991,305,1
BAYLOR SCOTT & WHITE MEDICAL CENTER - TEMPLE,TX,5,0.969425,1481,1
ASCENSION SETON MEDICAL CENTER AUSTIN,TX,3,1.0397999999999998,788,2
BAPTIST MEDICAL CENTER,TX,3,0.9639166666666666,2550,3
TEXAS HEALTH ARLINGTON MEMORIAL HOSPITAL,TX,4,1.0169,671,1
MEMORIAL HERMANN - TEXAS MEDICAL CENTER,TX,4,0.9741799999999999,1191,1
CHI ST LUKE'S HEALTH BRAZOSPORT,TX,4,1.0434666666666665,375,1
BAYLOR SCOTT & WHITE MEDICAL CENTER AT IRVING,TX,5,1.0726666666666667,635,1
TITUS REGIONAL MEDICAL CENTER,TX,3,0.99835,257,0
CHRISTUS SPOHN HOSPITAL BEEVILLE,TX,2,1.02905,99,2
UT HEALTH EAST TEXAS TYLER REGIONAL HOSPITAL,TX,2,1.0416333333333334,2274,2
MEDICAL CITY NORTH HILLS,TX,2,1.0391,587,2
NORTH TEXAS MEDICAL CENTER,TX,4,0.9493,159,1
FORT DUNCAN MEDICAL CENTER,TX,3,1.0129000000000001,149,2
HCA HOUSTON HEALTHCARE SOUTHEAST,TX,3,0.9994000000000001,261,2
BAYLOR SCOTT & WHITE MEDICAL CENTER HILLCREST,TX,4,1.0001666666666666,695,1
CHRISTUS MOTHER FRANCES HOSPITAL,TX,4,0.89204,3039,3
GUADALUPE REGIONAL MEDICAL CENTER,TX,2,1.0424666666666667,440,0
LAS PALMAS MEDICAL CENTER A CAMPUS OF LPDS HEALTHC,TX,2,1.0687333333333333,700,2
SOUTH TEXAS HEALTH SYSTEM,TX,4,1.0613,775,2
KNAPP MEDICAL CENTER,TX,5,1.00345,203,1
MEDICAL CENTER HOSPITAL,TX,3,0.935925,924,0
MIDLAND MEMORIAL HOSPITAL,TX,1,1.0213,726,0
TEXAS HEALTH HARRIS METHODIST FORT WORTH,TX,4,0.97755,2004,3
BAYLOR SCOTT AND WHITE ALL SAINTS MEDICAL CENTER,TX,4,1.046375,828,1
DE TAR HOSPITAL NAVARRO,TX,2,1.002025,693,2
TEXAS HEALTH HARRIS METHODIST HOSPITAL CLEBURNE,TX,5,0.94325,284,1
ADVENTHEALTH CENTRAL TEXAS,TX,3,1.041775,667,2
VAL VERDE REGIONAL MEDICAL CENTER,TX,3,0.9930000000000001,184,0
CHRISTUS SPOHN HOSPITAL KLEBERG,TX,2,1.0294,43,2
METHODIST HOSPITAL ATASCOSA,TX,3,1.0219,49,2
MISSION REGIONAL MEDICAL CENTER,TX,4,1.0476666666666665,392,1
MEMORIAL HERMANN HOSPITAL SYSTEM,TX,3,1.0345400000000002,3922,3
Baylor St Lukes Medical Center,TX,4,0.92875,1018,1
PARIS REGIONAL MEDICAL CENTER,TX,1,1.0090000000000001,1266,2
MEDICAL CITY WEATHERFORD,TX,2,1.054575,870,2
NORTHWEST TEXAS HOSPITAL,TX,3,0.9575999999999999,810,1
CHI ST LUKES HEALTH MEMORIAL LUFKIN,TX,2,1.0523,556,2
UNIVERSITY HEALTH SYSTEM,TX,3,1.0099,316,0
HCA HOUSTON HEALTHCARE CONROE,TX,2,1.0727250000000002,715,2
HENDRICK MEDICAL CENTER,TX,3,0.9584999999999999,3048,3
BSA HOSPITAL,TX,2,1.0158200000000002,2184,2
CHRISTUS MOTHER FRANCES HOSPITAL SULPHUR SPRINGS,TX,4,0.9569,441,1
CHRISTUS SANTA ROSA MEDICAL CENTER,TX,3,1.02022,2333,3
CHRISTUS SANTA ROSA HOSPITAL-SAN MARCOS,TX,4,0.9947,339,1
HARRIS HEALTH,TX,3,1.0334,54,0
TEXOMA MEDICAL CENTER,TX,4,1.03226,2638,3
OAKBEND MEDICAL CENTER,TX,3,1.0166,148,0
BAPTIST BEAUMONT HOSPITAL,TX,3,1.0194666666666665,722,2
HUNTSVILLE MEMORIAL HOSPITAL,TX,2,1.0294666666666668,356,2
TEXAS HEALTH HARRIS METHODIST HOSPITAL STEPHENVILL,TX,4,1.01425,171,1
HUNT REGIONAL MEDICAL CENTER,TX,2,1.031375,1027,0
HOUSTON METHODIST HOSPITAL,TX,5,0.9536199999999999,3405,3
COLUMBUS COMMUNITY HOSPITAL,TX,2,1.0167,57,2
BAYLOR SCOTT & WHITE MEDICAL CENTER- WAXAHACHIE,TX,4,1.0510000000000002,820,1
DALLAS MEDICAL CENTER,TX,3,1.0205,56,2
METHODIST HOSPITAL,TX,4,1.00935,6202,3
UT HEALTH EAST TEXAS ATHENS HOSPITAL,TX,2,1.0514666666666665,527,2
CHI ST LUKES HEALTH MEMORIAL LIVINGSTON,TX,4,1.0507,52,1
MEDICAL CENTER OF MCKINNEY,TX,3,1.060025,1243,2
HOUSTON METHODIST BAYTOWN HOSPITAL,TX,5,0.950225,1063,1
ST DAVID'S MEDICAL CENTER,TX,4,0.9974500000000001,3247,3
NAVARRO REGIONAL HOSPITAL,TX,2,1.0403,278,0
TEXAS HEALTH PRESBYTERIAN HOSPITAL DALLAS,TX,4,0.925275,1700,1
MATAGORDA REGIONAL MEDICAL CENTER,TX,5,0.94815,186,0
WILSON N JONES REGIONAL MEDICAL CENTER,TX,2,1.0525,113,2
WOODLAND HEIGHTS MEDICAL CENTER,TX,3,0.983625,715,1
NACOGDOCHES MEMORIAL HOSPITAL,TX,2,1.0741,240,2
THE MEDICAL CENTER OF SOUTHEAST TEXAS,TX,3,1.0178,408,0
METHODIST RICHARDSON MEDICAL CENTER,TX,4,0.9772,867,0
BAYLOR SCOTT & WHITE MEDICAL CENTER  GRAPEVINE,TX,4,0.9964500000000001,1186,1
SHANNON MEDICAL CENTER,TX,3,0.9870000000000001,1676,1
HENDRICK MEDICAL CENTER BROWNWOOD,TX,1,0.9740500000000001,308,2
LAKE GRANBURY MEDICAL CENTER,TX,3,0.9983500000000001,337,2
HILL COUNTRY MEMORIAL HOSPITAL,TX,4,1.0082,81,1
MEMORIAL HERMANN MEMORIAL CITY HOSPITAL,TX,4,0.9339500000000001,1119,1
HCA HOUSTON HEALTHCARE CLEAR LAKE,TX,4,1.01745,1434,1
MEDICAL CITY DENTON,TX,4,1.040125,993,1
HCA HOUSTON HEALTHCARE NORTHWEST,TX,2,1.044,207,2
TEXAS HEALTH HARRIS METHODIST HURST-EULESS-BEDFORD,TX,4,1.073575,1104,2
DOCTORS HOSPITAL OF LAREDO,TX,4,1.02665,268,1
HCA HOUSTON HEALTHCARE WEST,TX,1,0.9969,318,2
MEDICAL CITY DALLAS HOSPITAL,TX,3,1.0238749999999999,1081,2
MEDICAL CITY PLANO,TX,3,1.00136,1575,2
STARR COUNTY MEMORIAL HOSPITAL,TX,2,1.0419,73,0
NACOGDOCHES MEDICAL CENTER,TX,3,1.0231333333333332,554,2
HCA HOUSTON HEALTHCARE MEDICAL CENTER,TX,4,1.0332999999999999,158,1
ODESSA REGIONAL MEDICAL CENTER,TX,3,0.9689,163,1
VALLEY REGIONAL MEDICAL CENTER,TX,2,1.0332666666666668,402,2
SIERRA MEDICAL CENTER,TX,2,0.99535,330,2
MEDICAL CITY LEWISVILLE,TX,3,1.0153333333333334,475,2
HCA HOUSTON HEALTHCARE TOMBALL,TX,3,1.063575,660,2
MEDICAL CITY FORT WORTH,TX,2,1.066,846,2
MEDICAL CITY ARLINGTON,TX,2,1.0792,749,2
TEXAS HEALTH HUGULEY HOSPITAL FORT WORTH SOUTH,TX,3,1.040625,1026,2
WHITE ROCK MEDICAL CENTER,TX,2,1.0708,217,2
MEMORIAL HERMANN NORTHEAST HOSPITAL,TX,3,0.997,982,1
UNIVERSITY MEDICAL CENTER,TX,2,1.01922,1092,0
DALLAS REGIONAL MEDICAL CENTER,TX,3,1.0082,362,2
EL CAMPO MEMORIAL HOSPITAL,TX,3,1.0458,85,2
LONGVIEW REGIONAL MEDICAL CENTER,TX,3,1.034225,1083,2
HOUSTON METHODIST CLEAR LAKE HOSPITAL,TX,5,1.016175,786,1
RIO GRANDE REGIONAL HOSPITAL,TX,4,1.01035,285,1
ST DAVID'S SOUTH AUSTIN MEDICAL CENTER,TX,3,1.00395,1410,2
ROUND ROCK MEDICAL CENTER,TX,3,0.9779500000000001,1100,1
METHODIST CHARLTON MEDICAL CENTER,TX,3,0.99905,750,1
CARROLLTON REGIONAL MEDICAL CENTER,TX,2,1.0091,170,2
BAYLOR SCOTT AND WHITE MEDICAL CENTER LAKE POINTE,TX,4,1.061575,817,1
TEXAS HEALTH PRESBYTERIAN HOSPITAL DENTON,TX,5,0.955175,1141,1
PALESTINE REGIONAL MEDICAL CENTER,TX,1,1.0378,276,2
TEXAS HEALTH PRESBYTERIAN HOSPITAL PLANO,TX,4,1.04785,1148,1
HCA HOUSTON HEALTHCARE KINGWOOD,TX,3,1.01915,1868,2
TEXAS HEALTH HARRIS METHODIST HOSPITAL SOUTHWEST F,TX,5,0.990875,1107,1
"CORPUS CHRISTI MEDICAL CENTER,THE",TX,4,1.00366,1161,1
CHRISTUS ST MICHAEL HEALTH SYSTEM,TX,3,1.01954,1961,3
NORTH AUSTIN MEDICAL CENTER,TX,3,1.0350000000000001,1038,2
HOUSTON METHODIST SUGARLAND HOSPITAL,TX,5,1.033,2282,3
MEDICAL CITY LAS COLINAS,TX,4,1.0252,195,1
CHRISTUS SPOHN HOSPITAL ALICE,TX,3,1.009,80,2
TEXAS HEALTH PRESBYTERIAN HOSPITAL ALLEN,TX,4,0.9863,415,1
HOUSTON METHODIST WILLOWBROOK HOSPITAL,TX,5,1.053,1700,3
MEMORIAL HERMANN KATY HOSPITAL,TX,3,0.9623,1007,1
MEMORIAL HERMANN SUGAR LAND HOSPITAL,TX,4,1.0441,615,1
BAYLOR SCOTT & WHITE HEART & VASCULAR HOSPITAL - DALLAS,TX,5,1.04795,336,1
HARLINGEN MEDICAL CENTER,TX,4,0.9868333333333333,397,1
ST LUKE'S THE WOODLANDS HOSPITAL,TX,3,1.0,804,1
BAYLOR SCOTT & WHITE TEXAS SPINE & JOINT HOSPITAL,TX,5,0.7587,899,1
ASCENSION SETON NORTHWEST,TX,4,1.01695,155,1
DOCTORS HOSPTAL AT RENAISSANCE,TX,3,0.9822666666666667,444,0
LUBBOCK HEART HOSPITAL LP,TX,2,1.0320666666666665,359,0
BAYLOR SCOTT &  WHITE MEDICAL CENTER - CENTENNIAL,TX,5,1.0114333333333334,374,1
BAYLOR SCOTT & WHITE MEDICAL CENTER PLANO,TX,4,1.0003,830,1
THE HEART HOSPITAL BAYLOR DENTON,TX,5,0.9739333333333334,530,1
INTERMOUNTAIN HEALTH UTAH VALLEY HOSPITAL,UT,5,0.8971666666666667,1081,1
MCKAY-DEE HOSPITAL,UT,5,0.8807333333333333,819,1
OGDEN REGIONAL MEDICAL CENTER,UT,3,0.9725,261,1
LDS HOSPITAL,UT,5,0.9368,120,1
UNIVERSITY OF UTAH HOSPITAL AND CLINICS,UT,5,0.9195666666666668,1007,1
INTERMOUNTAIN MEDICAL CENTER,UT,5,0.82235,1503,1
CASTLEVIEW HOSPITAL,UT,2,1.2706,182,2
INTERMOUNTAIN HEALTH LOGAN REGIONAL HOSPITAL,UT,5,0.8582,157,1
ST. GEORGE REGIONAL HOSPITAL,UT,5,0.9243400000000002,1912,1
AMERICAN FORK HOSPITAL,UT,4,1.0082,121,1
HOLY CROSS HOSPITAL-DAVIS,UT,5,0.9399,272,1
LAKEVIEW HOSPITAL,UT,5,1.0602,68,1
ST MARK'S HOSPITAL,UT,4,0.9737,893,1
HOLY CROSS HOSPITAL-JORDAN VALLEY,UT,4,0.9743999999999999,292,1
LONE PEAK HOSPITAL,UT,5,1.0559,45,1
CENTRAL VERMONT MEDICAL CENTER,VT,3,1.0833,624,2
UNIV. OF VERMONT - FLETCHER ALLEN HEALTH CARE,VT,4,0.94146,2263,3
RUTLAND REGIONAL MEDICAL CENTER,VT,3,0.9885666666666667,701,1
BRATTLEBORO MEMORIAL HOSPITAL,VT,3,0.95405,261,1
SOUTHWESTERN VERMONT MEDICAL CENTER,VT,3,0.9920666666666667,608,1
NORTHWESTERN MEDICAL CENTER INC,VT,4,0.9725,433,1
RUSSELL COUNTY HOSPITAL,VA,4,1.0503,160,1
SENTARA RMH MEDICAL CENTER,VA,5,0.969375,1999,3
WINCHESTER MEDICAL CENTER,VA,4,1.0180666666666667,3369,3
SENTARA NORFOLK GENERAL HOSPITAL,VA,4,0.9846199999999999,2258,3
UNIVERSITY OF VIRGINIA MEDICAL CENTER,VA,4,0.9486000000000001,1916,0
SENTARA HALIFAX REGIONAL HOSPITAL,VA,3,0.9645666666666667,620,1
BON SECOURS MARYVIEW MEDICAL CENTER,VA,3,1.0307250000000001,793,2
AUGUSTA HEALTH,VA,4,0.8653,1429,1
UVA HEALTH CULPEPER MEDICAL CENTER,VA,2,1.0264333333333333,637,2
JOHN RANDOLPH MEDICAL CENTER,VA,3,1.0101333333333333,457,2
CENTRA HEALTH -  LYNCHBURG GEN HOSPITAL,VA,3,0.93194,2817,3
MARY WASHINGTON HOSPITAL,VA,3,1.11778,3066,3
FAUQUIER HOSPITAL,VA,3,1.0099333333333333,452,2
CARILION MEDICAL CENTER,VA,3,0.9222400000000001,2712,3
MEDICAL COLLEGE OF VIRGINIA HOSPITALS,VA,4,1.00136,1211,0
WARREN MEMORIAL HOSPITAL,VA,2,1.0154,359,2
RIVERSIDE SHORE MEMORIAL HOSPITAL,VA,3,1.00815,292,1
SMYTH COUNTY COMMUNITY HOSPITAL,VA,3,0.9766,112,1
INOVA ALEXANDRIA HOSPITAL,VA,5,0.940875,1369,1
MARY IMMACULATE HOSPITAL,VA,4,1.0733666666666666,436,2
CARILION NEW RIVER VALLEY MEDICAL CENTER,VA,4,0.98505,941,1
INOVA LOUDOUN HOSPITAL,VA,5,0.914625,2162,3
SENTARA OBICI HOSPITAL,VA,4,0.9707749999999999,1461,1
NOVANT PRINCE WILLIAM MEDICAL CENTER,VA,3,1.0112999999999999,837,2
SENTARA LEIGH HOSPITAL,VA,3,1.045425,2036,3
LEWISGALE MEDICAL CENTER,VA,2,1.0782399999999999,1689,2
VIRGINIA HOSPITAL CENTER,VA,4,1.0071999999999999,1231,1
RIVERSIDE REGIONAL MEDICAL CENTER,VA,3,0.9679249999999999,1887,3
JOHNSTON MEMORIAL HOSPITAL,VA,3,0.9891333333333333,680,1
SENTARA VIRGINIA BEACH GENERAL HOSPITAL,VA,4,0.9637,2268,3
BON SECOURS ST MARYS HOSPITAL,VA,5,0.9571,1956,3
CLINCH VALLEY MEDICAL CENTER,VA,3,0.9977,358,2
INOVA FAIRFAX HOSPITAL,VA,5,0.93962,3891,3
SENTARA WILLIAMSBURG REGIONAL MEDICAL CENTER,VA,5,0.97975,1087,1
BON SECOURS SOUTHSIDE MEDICAL CENTER,VA,2,1.0507,1442,2
BON SECOURS MEMORIAL REGIONAL MEDICAL CENTER,VA,4,0.9784600000000001,2124,3
SOVAH HEALTH DANVILLE,VA,2,0.9856250000000001,1265,2
SENTARA MARTHA JEFFERSON HOSPITAL,VA,4,0.9476,1315,1
VCU HEALTH TAPPAHANNOCK HOSPITAL,VA,4,1.0065,298,1
CENTRA BEDFORD MEMORIAL HOSPITAL,VA,5,1.0051,275,1
CARILION FRANKLIN MEMORIAL HOSPITAL,VA,4,0.9460999999999999,334,1
"SOUTHSIDE COMMUNITY HOSPITAL, INC",VA,4,0.9448666666666666,493,1
BON SECOURS SOUTHAMPTON MEMORIAL HOSPITAL,VA,3,1.0662500000000001,200,2
SENTARA CAREPLEX HOSPITAL,VA,4,1.01445,997,1
COMMUNITY MEMORIAL HOSPITAL,VA,4,0.9976,388,0
INOVA FAIR OAKS HOSPITAL,VA,5,0.9672499999999999,837,1
RESTON HOSPITAL CENTER,VA,3,1.018125,1014,2
LEWISGALE HOSPITAL MONTGOMERY,VA,3,1.00455,691,2
WYTHE COUNTY COMMUNITY HOSPITAL,VA,3,0.9563999999999999,227,1
CJW MEDICAL CENTER,VA,4,0.9765166666666666,3650,3
SENTARA NORTHERN VIRGINIA MEDICAL CENTER,VA,3,1.055675,1180,2
LONESOME PINE HOSPITAL,VA,4,1.02345,256,1
TWIN COUNTY REGIONAL HOSPITAL,VA,2,1.0354999999999999,261,2
LEWISGALE HOSPITAL PULASKI,VA,4,0.9942500000000001,192,1
HENRICO DOCTORS' HOSPITAL,VA,4,1.0702166666666668,1997,3
SENTARA PRINCESS ANNE HOSPITAL,VA,5,1.0258666666666667,1614,1
CHESAPEAKE GENERAL HOSPITAL,VA,3,0.9975499999999999,1941,0
INOVA MOUNT VERNON HOSPITAL,VA,4,0.992775,844,1
LEWISGALE HOSPITAL ALLEGHANY,VA,4,0.9378500000000001,243,1
RIVERSIDE WALTER REED HOSPITAL,VA,4,0.94955,378,1
BON SECOURS ST FRANCIS MEDICAL CENTER,VA,3,0.9869,1129,1
"STAFFORD HOSPITAL, LLC",VA,4,1.0524666666666667,465,1
SPOTSYLVANIA REGIONAL MEDICAL CENTER,VA,3,1.045425,748,2
RIVERSIDE DOCTORS' HOSPITAL OF WILLIAMSBURG,VA,5,0.968,345,1
UVA HEALTH HAYMARKET MEDICAL CENTER,VA,4,1.0230000000000001,445,1
STONESPRINGS HOSPITAL CENTER,VA,4,1.0013,147,1
PROVIDENCE ST MARY MEDICAL CENTER,WA,3,0.9171999999999999,813,1
SKAGIT VALLEY HOSPITAL,WA,3,0.996575,828,0
VIRGINIA MASON MEDICAL CENTER,WA,5,0.9570000000000001,1050,1
ISLAND HOSPITAL,WA,4,0.9857,105,0
UNIVERSITY OF WASHINGTON MEDICAL CTR,WA,4,0.9853400000000001,1762,0
HIGHLINE MEDICAL CENTER,WA,4,0.9916333333333333,431,1
PROVIDENCE REGIONAL MEDICAL CENTER EVERETT,WA,4,0.9512,1463,1
MULTICARE AUBURN MEDICAL CENTER,WA,2,1.0170333333333332,373,2
CONFLUENCE HEALTH HOSPITAL,WA,3,0.9375249999999999,1272,1
PROVIDENCE CENTRALIA HOSPITAL,WA,3,0.9939500000000001,399,1
ST CLARE HOSPITAL,WA,4,0.9520500000000001,286,1
PROVIDENCE ST PETER HOSPITAL,WA,3,1.027075,1499,2
SWEDISH MEDICAL CENTER / CHERRY HILL,WA,4,0.927,663,1
SWEDISH EDMONDS HOSPITAL,WA,3,1.0092750000000001,676,2
SWEDISH MEDICAL CENTER,WA,4,0.9805333333333334,573,1
ST JOSEPH HOSPITAL,WA,4,0.9473800000000001,1865,1
GRAYS HARBOR COMMUNITY HOSPITAL,WA,3,1.0045,520,1
SAMARITAN HOSPITAL,WA,2,1.008,95,2
YAKIMA VALLEY MEMORIAL,WA,1,0.97555,1509,2
HARRISON MEDICAL CENTER,WA,4,0.9243399999999999,2151,3
PEACEHEALTH ST JOHN MEDICAL CENTER,WA,4,0.9378500000000001,460,1
DEACONESS MEDICAL CENTER,WA,3,0.9420000000000001,901,1
PEACEHEALTH SOUTHWEST MEDICAL CENTER,WA,3,0.98544,1325,1
OVERLAKE HOSPITAL MEDICAL CENTER,WA,2,1.0251,922,2
TRIOS HEALTH,WA,2,1.0173,662,0
PROV SACRED HRT MED CTR & CHILDS HOSP.,WA,3,0.91545,1458,1
KADLEC REGIONAL MEDICAL CENTER,WA,4,0.92932,2166,3
HARBORVIEW MEDICAL CENTER,WA,2,0.9686,86,0
OLYMPIC MEDICAL CENTER,WA,3,0.9916333333333333,627,0
PROVIDENCE HOLY FAMILY HOSPITAL,WA,3,0.92915,524,1
MULTICARE GOOD SAMARITAN HOSPITAL,WA,2,1.0025,2171,3
VALLEY MEDICAL CENTER,WA,2,0.99595,1141,0
ST JOSEPH MEDICAL CENTER,WA,3,0.9754999999999999,1026,1
MULTICARE VALLEY HOSPITAL,WA,5,0.94815,468,1
EVERGREENHEALTH MEDICAL CENTER,WA,5,0.918125,1379,0
TACOMA GENERAL ALLENMORE HOSPITAL,WA,2,1.0365600000000001,1653,2
CAPITAL MEDICAL CENTER,WA,3,1.0754666666666666,462,2
ST FRANCIS COMMUNITY HOSPITAL,WA,4,0.99005,425,1
LEGACY SALMON CREEK MEDICAL CENTER,WA,4,0.99625,750,1
ST ANTHONY HOSPITAL,WA,5,0.9143666666666667,817,1
SWEDISH ISSAQUAH,WA,4,0.9016500000000001,446,1
MULTICARE COVINGTON MEDICAL CENTER,WA,3,0.9876,237,1
"WEST VIRGINIA UNIVERSITY HOSPITALS, INC",WV,3,0.9717600000000001,1822,3
"CAMC GREENBRIER VALLEY MEDICAL CENTER, INC",WV,2,0.9840666666666666,439,2
"UNITED HOSPITAL CENTER, INC",WV,4,1.030125,1455,1
ST MARYS MEDICAL CENTER,WV,3,0.98716,1796,3
BERKELEY MEDICAL CENTER,WV,3,1.00605,902,1
RIVERS HEALTH,WV,1,1.0479500000000002,108,2
"REYNOLDS MEMORIAL HOSPITAL, INC",WV,2,1.0353,277,2
CHARLESTON AREA MEDICAL CENTER,WV,2,1.0658400000000001,2693,3
"WEIRTON MEDICAL CENTER, INC",WV,1,1.019925,1003,0
MON HEALTH MEDICAL CENTER,WV,4,1.0123333333333333,748,1
THOMAS MEMORIAL HOSPITAL,WV,1,1.0446,619,2
DAVIS MEDICAL CENTER,WV,2,1.0015,277,2
STONEWALL JACKSON MEMORIAL HOSPITAL,WV,1,1.0623,80,2
PRINCETON COMMUNITY HOSPITAL ASSN INC,WV,2,0.9901333333333332,861,0
LOGAN REGIONAL MEDICAL CENTER,WV,2,0.9949,434,2
"WHEELING HOSPITAL, INC",WV,2,1.058325,1179,2
"CABELL HUNTINGTON HOSPITAL, INC",WV,3,0.9924666666666666,529,1
CAMDEN CLARK MEDICAL CENTER,WV,2,1.0812599999999999,1773,2
BECKLEY ARH HOSPITAL,WV,3,1.0418333333333332,489,2
RALEIGH GENERAL HOSPITAL,WV,2,1.050675,856,2
WETZEL COUNTY HOSPITAL,WV,3,1.0417,43,0
"ASPIRUS STEVENS POINT HOSPITAL & CLINICS, INC.",WI,4,0.9908,202,1
MAYO CLINIC HEALTH SYSTEM-FRANCISCAN MEDICAL CENTER INC,WI,5,0.9112333333333332,607,1
WAUKESHA MEMORIAL HOSPITAL,WI,4,0.990675,1381,1
ASCENSION NE WISCONSIN - ST ELIZABETH CAMPUS,WI,4,0.9559333333333333,361,1
MARSHFIELD MEDICAL CENTER - RICE LAKE,WI,2,1.0641,223,2
ASPIRUS RHINELANDER HOSPITAL,WI,3,0.9983,130,1
FROEDTERT SOUTH INC.,WI,2,1.022125,616,0
THE MONROE CLINIC,WI,5,0.9789,280,1
ASPIRUS WAUSAU HOSPITAL,WI,4,0.949925,1111,1
ASPIRUS RIVERVIEW HOSPITAL & CLINICS INC,WI,3,0.9505,109,1
AURORA MEDICAL CTR MANITOWOC COUNTY,WI,5,0.9906,102,1
AURORA MEDICAL CENTER SHEBOYGAN COUNTY,WI,5,1.0216333333333334,483,1
MARSHFIELD MEDICAL CENTER,WI,1,1.067325,756,2
ASPIRUS DIVINE SAVIOR HOSPITAL,WI,3,0.9827,84,1
BELLIN MEMORIAL HOSPITAL,WI,4,0.9623666666666667,380,1
ASCENSION COLUMBIA ST MARYS HOSPITAL MILWAUKEE,WI,3,0.983125,666,1
SSM HEALTH ST CLARE HOSPITAL - BARABOO,WI,4,0.9675499999999999,197,1
AURORA MEMORIAL HOSPITAL BURLINGTON,WI,4,0.96685,282,1
OCONOMOWOC MEMORIAL HOSPITAL,WI,5,1.0514000000000001,342,1
ST JOSEPHS COMMUNITY HOSPITAL WEST BEND,WI,4,0.9621999999999999,365,1
MERCY HEALTH SYSTEM CORP,WI,3,1.006575,577,1
MAYO CLINIC HEALTH SYSTEM EAU CLAIRE HOSPITAL,WI,5,0.94256,1336,1
ST VINCENT HOSPITAL,WI,4,0.90785,261,1
ASCENSION ST FRANCIS HOSPITAL,WI,3,1.0373,44,2
SSM HEALTH ST MARY'S HOSPITAL - MADISON,WI,4,0.96334,1730,1
GUNDERSEN LUTHERAN MEDICAL CENTER,WI,4,0.92875,862,1
SSM HEALTH ST AGNES HOSPITAL-FOND DU LAC,WI,4,0.95855,382,1
UNITYPOINT HEALTH - MERITER,WI,5,1.0013333333333334,1202,1
ASCENSION ALL SAINTS HOSPITAL,WI,2,1.0361333333333334,500,2
ST MARYS HOSPITAL MEDICAL CTR,WI,3,0.9422,88,1
UNIVERSITY OF WI  HOSPITALS & CLINICS AUTHORITY,WI,5,0.9790833333333334,2138,0
BELOIT HEALTH SYSTEM,WI,3,1.0307,454,2
AURORA LAKELAND MEDICAL CENTER,WI,5,0.9479500000000001,308,1
COMMUNITY MEMORIAL HOSPITAL,WI,4,1.0411666666666666,732,1
HOLY FAMILY MEMORIAL,WI,3,1.01285,197,2
AURORA MEDICAL CENTER BAY AREA,WI,4,1.0557333333333334,485,1
WATERTOWN MEMORIAL HOSPITAL,WI,3,0.96225,215,1
ASCENSION SE WISCONSIN HOSPITAL,WI,5,0.995,564,1
AURORA ST LUKES MEDICAL CENTER,WI,4,0.9932399999999999,2945,3
WEST ALLIS MEMORIAL HOSPITAL,WI,4,0.9971333333333333,567,1
THEDACARE REGIONAL MEDICAL CENTER - APPLETON INC,WI,4,0.89425,357,1
FROEDTERT MEMORIAL LUTHERAN HOSPITAL,WI,3,1.0708,1423,2
AURORA MEDICAL CENTER KENOSHA,WI,4,0.9795666666666666,725,1
AURORA BAYCARE MEDICAL CTR,WI,4,0.9448333333333334,414,1
AURORA MEDICAL CTR OSHKOSH,WI,4,0.98665,227,1
MARSHFIELD MEDICAL CENTER - WESTON,WI,3,1.0192666666666668,506,2
AURORA MEDICAL CENTER - SUMMIT,WI,5,0.99935,482,1
AURORA MEDICAL CENTER,WI,5,1.0187199999999998,956,1
SSM HEALTH ST MARY'S HOSPITAL - JANESVILLE,WI,4,1.00275,219,1
MARSHFIELD MEDICAL CENTER - EAU CLAIRE,WI,3,0.9932,191,1
MARSHFIELD MEDICAL CENTER - MINOCQUA,WI,5,0.9751,105,1
CAMPBELL COUNTY HEALTH,WY,3,0.9575,210,0
SHERIDAN MEMORIAL HOSPITAL,WY,3,0.98475,405,0
SAGEWEST HEALTH CARE,WY,2,0.9462,167,2
BANNER WYOMING MEDICAL CENTER,WY,2,0.9333750000000001,1446,0
CHEYENNE REGIONAL MEDICAL CENTER,WY,3,0.9863500000000001,1411,1
METHODIST MANSFIELD MEDICAL CENTER,TX,4,0.99665,774,1
BAYLOR SCOTT & WHITE THE HEART HOSPITAL PLANO,TX,4,0.9104,1478,1
ST LUKE'S PATIENTS MEDICAL CENTER,TX,3,1.00965,181,2
BAYLOR SCOTT & WHITE MEDICAL CENTER - ROUND ROCK,TX,4,0.99306,1299,1
ASCENSION SETON WILLIAMSON,TX,4,0.96565,474,1
ASCENSION SETON CEDAR PARK,TX,3,1.07,595,2
TEXAS HEALTH PRESBYTERIAN HOSPITAL ROCKWALL,TX,5,0.9607000000000001,420,1
THE HOSPITALS OF PROVIDENCE - EAST CAMPUS,TX,2,1.0195666666666667,397,2
ST LUKE'S SUGAR LAND HOSPITAL,TX,3,1.0102,177,2
METHODIST HOSPITAL  STONE OAK,TX,4,0.9735,1253,1
ASCENSION  SETON HAYS,TX,3,1.00255,673,1
BAYLOR SCOTT AND WHITE MEDICAL CENTER SUNNYVALE,TX,2,1.04405,275,2
TEXAS HEALTH PRESBYTERIAN HOSPITAL FLOWER MOUND,TX,5,0.9663,453,1
TEXAS HEALTH HEART & VASCULAR HOSPITAL ARLINGTON,TX,4,0.9835,91,1
ST LUKE'S HOSPITAL AT THE VINTAGE,TX,4,1.0007000000000001,205,1
HOUSTON METHODIST WEST HOSPITAL,TX,5,0.9930333333333333,1190,1
SETON MEDICAL CENTER HARKER HEIGHTS,TX,4,1.0622666666666667,323,2
BAYLOR SCOTT AND WHITE  MEDICAL CENTER  MCKINNEY,TX,4,1.0296333333333332,969,1
TEXAS HEALTH HARRIS METHODIST HOSPITAL ALLIANCE,TX,5,0.9558500000000001,418,1
BAYLOR SCOTT & WHITE MEDICAL CENTER- COLLEGE STATI,TX,4,1.010825,785,1
RESOLUTE HEALTH HOSPITAL,TX,4,1.0615,376,2
MEDICAL CITY ALLIANCE,TX,3,0.99745,272,1
HCA HOUSTON HEALTHCARE PEARLAND,TX,3,1.03395,156,2
BAYLOR SCOTT & WHITE MEDICAL CENTER - MARBLE FALLS,TX,4,0.9486333333333333,393,1
THE HOSPITALS OF PROVIDENCE TRANSMOUNTAIN CAMPUS,TX,2,1.07455,288,2
HOUSTON METHODIST THE WOODLANDS HOSPITAL,TX,5,1.00496,1873,3
TEXAS HEALTH HOSPITAL FRISCO,TX,4,0.9975666666666667,305,1
